date,close,high,low,open,volume,adjClose,adjHigh,adjLow,adjOpen,adjVolume,divCash,splitFactor
2019-01-02T00:00:00.000Z,121.33,121.75,120.88,121.35,12776155,121.33,121.75,120.88,121.35,12776155,0.0,1.0
2019-01-03T00:00:00.000Z,122.43,122.46,121.73,121.78,15440840,122.43,122.46,121.73,121.78,15440840,0.0,1.0
2019-01-04T00:00:00.000Z,121.44,121.6,120.69,121.32,13334368,121.44,121.6,120.69,121.32,13334368,0.0,1.0
2019-01-07T00:00:00.000Z,121.86,122.22,121.5731,122.16,7473641,121.86,122.22,121.5731,122.16,7473641,0.0,1.0
2019-01-08T00:00:00.000Z,121.53,121.71,121.06,121.15,7643363,121.53,121.71,121.06,121.15,7643363,0.0,1.0
2019-01-09T00:00:00.000Z,122.31,122.335,121.44,121.45,10555933,122.31,122.335,121.44,121.45,10555933,0.0,1.0
2019-01-10T00:00:00.000Z,121.59,122.179,121.57,121.98,6672058,121.59,122.179,121.57,121.98,6672058,0.0,1.0
2019-01-11T00:00:00.000Z,121.8,122.05,121.66,121.74,8622666,121.8,122.05,121.66,121.74,8622666,0.0,1.0
2019-01-14T00:00:00.000Z,122.09,122.24,121.87,122.15,6477072,122.09,122.24,121.87,122.15,6477072,0.0,1.0
2019-01-15T00:00:00.000Z,121.88,122.38,121.62,122.28,7512779,121.88,122.38,121.62,122.28,7512779,0.0,1.0
2019-01-16T00:00:00.000Z,122.27,122.44,122.02,122.04,6878137,122.27,122.44,122.02,122.04,6878137,0.0,1.0
2019-01-17T00:00:00.000Z,122.11,122.26,121.81,122.03,8558523,122.11,122.26,121.81,122.03,8558523,0.0,1.0
2019-01-18T00:00:00.000Z,121.02,121.515,121.02,121.23,10896307,121.02,121.515,121.02,121.23,10896307,0.0,1.0
2019-01-22T00:00:00.000Z,121.45,121.5,120.9,121.18,7896668,121.45,121.5,120.9,121.18,7896668,0.0,1.0
2019-01-23T00:00:00.000Z,121.28,121.54,120.86,120.96,5224918,121.28,121.54,120.86,120.96,5224918,0.0,1.0
2019-01-24T00:00:00.000Z,121.09,121.36,120.92,121.16,5662490,121.09,121.36,120.92,121.16,5662490,0.0,1.0
2019-01-25T00:00:00.000Z,122.86,122.91,122.02,122.02,11103309,122.86,122.91,122.02,122.02,11103309,0.0,1.0
2019-01-28T00:00:00.000Z,123.29,123.29,122.7178,122.75,8522178,123.29,123.29,122.7178,122.75,8522178,0.0,1.0
2019-01-29T00:00:00.000Z,123.98,124.0,123.46,123.71,11610204,123.98,124.0,123.46,123.71,11610204,0.0,1.0
2019-01-30T00:00:00.000Z,124.69,125.07,123.7,123.91,12103963,124.69,125.07,123.7,123.91,12103963,0.0,1.0
2019-01-31T00:00:00.000Z,124.75,125.23,124.62,125.18,10209516,124.75,125.23,124.62,125.18,10209516,0.0,1.0
2019-02-01T00:00:00.000Z,124.5,125.05,124.37,124.89,12485496,124.5,125.05,124.37,124.89,12485496,0.0,1.0
2019-02-04T00:00:00.000Z,123.96,124.29,123.82,123.99,6879187,123.96,124.29,123.82,123.99,6879187,0.0,1.0
2019-02-05T00:00:00.000Z,124.28,124.42,124.05,124.29,6291367,124.28,124.42,124.05,124.29,6291367,0.0,1.0
2019-02-06T00:00:00.000Z,123.44,124.1899,123.4,124.16,6595100,123.44,124.1899,123.4,124.16,6595100,0.0,1.0
2019-02-07T00:00:00.000Z,123.74,123.95,123.4367,123.8,5935456,123.74,123.95,123.4367,123.8,5935456,0.0,1.0
2019-02-08T00:00:00.000Z,124.21,124.33,123.9799,124.05,4235221,124.21,124.33,123.9799,124.05,4235221,0.0,1.0
2019-02-11T00:00:00.000Z,123.6,123.82,123.19,123.19,4821904,123.6,123.82,123.19,123.19,4821904,0.0,1.0
2019-02-12T00:00:00.000Z,123.86,124.03,123.61,123.96,4271869,123.86,124.03,123.61,123.96,4271869,0.0,1.0
2019-02-13T00:00:00.000Z,123.37,124.55,123.31,123.84,7640509,123.37,124.55,123.31,123.84,7640509,0.0,1.0
2019-02-14T00:00:00.000Z,124.06,124.2,123.53,123.84,6276529,124.06,124.2,123.53,123.84,6276529,0.0,1.0
2019-02-15T00:00:00.000Z,124.8,125.0,124.18,124.59,12190104,124.8,125.0,124.18,124.59,12190104,0.0,1.0
2019-02-19T00:00:00.000Z,126.7,126.79,125.93,125.98,15614028,126.7,126.79,125.93,125.98,15614028,0.0,1.0
2019-02-20T00:00:00.000Z,126.48,127.21,126.31,127.0,8889665,126.48,127.21,126.31,127.0,8889665,0.0,1.0
2019-02-21T00:00:00.000Z,125.05,126.22,125.05,126.15,8634596,125.05,126.22,125.05,126.15,8634596,0.0,1.0
2019-02-22T00:00:00.000Z,125.5,125.95,125.39,125.53,5439375,125.5,125.95,125.39,125.53,5439375,0.0,1.0
2019-02-25T00:00:00.000Z,125.37,125.9,125.23,125.78,4882615,125.37,125.9,125.23,125.78,4882615,0.0,1.0
2019-02-26T00:00:00.000Z,125.58,125.6171,125.05,125.33,5153511,125.58,125.6171,125.05,125.33,5153511,0.0,1.0
2019-02-27T00:00:00.000Z,124.69,125.226,124.4,125.17,7935647,124.69,125.226,124.4,125.17,7935647,0.0,1.0
2019-02-28T00:00:00.000Z,123.99,124.71,123.98,124.71,7811731,123.99,124.71,123.98,124.71,7811731,0.0,1.0
2019-03-01T00:00:00.000Z,121.88,123.96,121.87,123.48,16411743,121.88,123.96,121.87,123.48,16411743,0.0,1.0
2019-03-04T00:00:00.000Z,121.56,121.85,121.18,121.56,10272586,121.56,121.85,121.18,121.56,10272586,0.0,1.0
2019-03-05T00:00:00.000Z,121.72,121.73,121.03,121.38,7120090,121.72,121.73,121.03,121.38,7120090,0.0,1.0
2019-03-06T00:00:00.000Z,121.61,121.64,121.26,121.43,4820443,121.61,121.64,121.26,121.43,4820443,0.0,1.0
2019-03-07T00:00:00.000Z,121.51,121.71,121.18,121.27,6088768,121.51,121.71,121.18,121.27,6088768,0.0,1.0
2019-03-08T00:00:00.000Z,122.84,122.89,122.37,122.7,10427747,122.84,122.89,122.37,122.7,10427747,0.0,1.0
2019-03-11T00:00:00.000Z,122.24,122.54,121.92,122.52,6708655,122.24,122.54,121.92,122.52,6708655,0.0,1.0
2019-03-12T00:00:00.000Z,122.98,123.03,122.4,122.54,6289860,122.98,123.03,122.4,122.54,6289860,0.0,1.0
2019-03-13T00:00:00.000Z,123.84,123.88,123.425,123.56,7377297,123.84,123.88,123.425,123.56,7377297,0.0,1.0
2019-03-14T00:00:00.000Z,122.41,122.545,122.12,122.33,6778443,122.41,122.545,122.12,122.33,6778443,0.0,1.0
2019-03-15T00:00:00.000Z,122.97,123.4,122.9132,123.06,9412061,122.97,123.4,122.9132,123.06,9412061,0.0,1.0
2019-03-18T00:00:00.000Z,123.04,123.3998,122.89,123.3,7783205,123.04,123.3998,122.89,123.3,7783205,0.0,1.0
2019-03-19T00:00:00.000Z,123.38,123.79,123.34,123.72,6558693,123.38,123.79,123.34,123.72,6558693,0.0,1.0
2019-03-20T00:00:00.000Z,124.18,124.42,122.65,123.66,11304912,124.18,124.42,122.65,123.66,11304912,0.0,1.0
2019-03-21T00:00:00.000Z,123.68,124.37,123.11,124.36,7739775,123.68,124.37,123.11,124.36,7739775,0.0,1.0
2019-03-22T00:00:00.000Z,123.97,124.22,123.73,123.93,5874016,123.97,124.22,123.73,123.93,5874016,0.0,1.0
2019-03-25T00:00:00.000Z,124.92,125.11,124.4801,124.56,7288343,124.92,125.11,124.4801,124.56,7288343,0.0,1.0
2019-03-26T00:00:00.000Z,124.3,124.51,124.07,124.48,5056224,124.3,124.51,124.07,124.48,5056224,0.0,1.0
2019-03-27T00:00:00.000Z,123.65,124.375,123.56,124.35,6595016,123.65,124.375,123.56,124.35,6595016,0.0,1.0
2019-03-28T00:00:00.000Z,121.9,122.355,121.705,122.28,11878328,121.9,122.355,121.705,122.28,11878328,0.0,1.0
2019-03-29T00:00:00.000Z,122.01,122.75,122.01,122.64,7094201,122.01,122.75,122.01,122.64,7094201,0.0,1.0
2019-04-01T00:00:00.000Z,121.53,122.43,121.46,122.4,13559963,121.53,122.43,121.46,122.4,13559963,0.0,1.0
2019-04-02T00:00:00.000Z,121.98,122.01,121.68,121.72,4474953,121.98,122.01,121.68,121.72,4474953,0.0,1.0
2019-04-03T00:00:00.000Z,121.8,122.01,121.675,121.73,6152734,121.8,122.01,121.675,121.73,6152734,0.0,1.0
2019-04-04T00:00:00.000Z,122.11,122.24,120.96,121.1,7508760,122.11,122.24,120.96,121.1,7508760,0.0,1.0
2019-04-05T00:00:00.000Z,121.98,122.13,121.6633,121.88,5114493,121.98,122.13,121.6633,121.88,5114493,0.0,1.0
2019-04-08T00:00:00.000Z,122.51,123.0199,122.4,122.97,4271034,122.51,123.0199,122.4,122.97,4271034,0.0,1.0
2019-04-09T00:00:00.000Z,123.15,123.35,123.03,123.26,4648392,123.15,123.35,123.03,123.26,4648392,0.0,1.0
2019-04-10T00:00:00.000Z,123.53,123.77,123.19,123.22,6344767,123.53,123.77,123.19,123.22,6344767,0.0,1.0
2019-04-11T00:00:00.000Z,121.95,122.75,121.79,122.54,11694503,121.95,122.75,121.79,122.54,11694503,0.0,1.0
2019-04-12T00:00:00.000Z,121.83,122.31,121.8,121.96,5272844,121.83,122.31,121.8,121.96,5272844,0.0,1.0
2019-04-15T00:00:00.000Z,121.6,121.82,121.095,121.2,4252774,121.6,121.82,121.095,121.2,4252774,0.0,1.0
2019-04-16T00:00:00.000Z,120.51,120.63,120.19,120.38,10097802,120.51,120.63,120.19,120.38,10097802,0.0,1.0
2019-04-17T00:00:00.000Z,120.28,120.51,120.195,120.46,4693864,120.28,120.51,120.195,120.46,4693864,0.0,1.0
2019-04-18T00:00:00.000Z,120.37,120.54,120.15,120.24,4090401,120.37,120.54,120.15,120.24,4090401,0.0,1.0
2019-04-22T00:00:00.000Z,120.37,120.5,120.27,120.46,2251185,120.37,120.5,120.27,120.46,2251185,0.0,1.0
2019-04-23T00:00:00.000Z,120.12,120.2,119.55,119.67,5574897,120.12,120.2,119.55,119.67,5574897,0.0,1.0
2019-04-24T00:00:00.000Z,120.47,120.72,120.04,120.06,4173034,120.47,120.72,120.04,120.06,4173034,0.0,1.0
2019-04-25T00:00:00.000Z,120.57,121.0962,120.5,120.72,4836857,120.57,121.0962,120.5,120.72,4836857,0.0,1.0
2019-04-26T00:00:00.000Z,121.37,121.67,121.2199,121.26,6022715,121.37,121.67,121.2199,121.26,6022715,0.0,1.0
2019-04-29T00:00:00.000Z,120.83,120.91,120.665,120.88,4469721,120.83,120.91,120.665,120.88,4469721,0.0,1.0
2019-04-30T00:00:00.000Z,121.2,121.36,120.85,120.89,4758567,121.2,121.36,120.85,120.89,4758567,0.0,1.0
2019-05-01T00:00:00.000Z,120.4,121.55,120.18,121.03,12331836,120.4,121.55,120.18,121.03,12331836,0.0,1.0
2019-05-02T00:00:00.000Z,119.94,120.11,119.54,119.69,6759844,119.94,120.11,119.54,119.69,6759844,0.0,1.0
2019-05-03T00:00:00.000Z,120.65,121.08,120.475,120.56,8414504,120.65,121.08,120.475,120.56,8414504,0.0,1.0
2019-05-06T00:00:00.000Z,120.81,121.12,120.54,120.61,3479563,120.81,121.12,120.54,120.61,3479563,0.0,1.0
2019-05-07T00:00:00.000Z,121.21,121.42,120.9067,121.02,4010654,121.21,121.42,120.9067,121.02,4010654,0.0,1.0
2019-05-08T00:00:00.000Z,120.91,121.54,120.77,121.54,4178965,120.91,121.54,120.77,121.54,4178965,0.0,1.0
2019-05-09T00:00:00.000Z,121.2,121.62,120.86,120.96,5015785,121.2,121.62,120.86,120.96,5015785,0.0,1.0
2019-05-10T00:00:00.000Z,121.43,121.73,121.3,121.41,4586301,121.43,121.73,121.3,121.41,4586301,0.0,1.0
2019-05-13T00:00:00.000Z,122.67,122.85,122.325,122.63,11130908,122.67,122.85,122.325,122.63,11130908,0.0,1.0
2019-05-14T00:00:00.000Z,122.46,122.66,122.12,122.6,5556105,122.46,122.66,122.12,122.6,5556105,0.0,1.0
2019-05-15T00:00:00.000Z,122.39,122.765,122.2199,122.71,10298968,122.39,122.765,122.2199,122.71,10298968,0.0,1.0
2019-05-16T00:00:00.000Z,121.51,122.0734,121.19,122.03,6349454,121.51,122.0734,121.19,122.03,6349454,0.0,1.0
2019-05-17T00:00:00.000Z,120.65,121.06,120.33,121.03,6589382,120.65,121.06,120.33,121.03,6589382,0.0,1.0
2019-05-20T00:00:00.000Z,120.64,120.74,120.42,120.51,4345803,120.64,120.74,120.42,120.51,4345803,0.0,1.0
2019-05-21T00:00:00.000Z,120.36,120.36,119.83,120.08,3845702,120.36,120.36,119.83,120.08,3845702,0.0,1.0
2019-05-22T00:00:00.000Z,120.24,120.5,120.19,120.35,3741805,120.24,120.5,120.19,120.35,3741805,0.0,1.0
2019-05-23T00:00:00.000Z,121.17,121.52,120.77,120.82,6054721,121.17,121.52,120.77,120.82,6054721,0.0,1.0
2019-05-24T00:00:00.000Z,121.3,121.31,120.89,121.13,2324653,121.3,121.31,120.89,121.13,2324653,0.0,1.0
2019-05-28T00:00:00.000Z,120.83,120.84,120.46,120.8,4303495,120.83,120.84,120.46,120.8,4303495,0.0,1.0
2019-05-29T00:00:00.000Z,120.87,121.26,120.745,121.11,4133202,120.87,121.26,120.745,121.11,4133202,0.0,1.0
2019-05-30T00:00:00.000Z,121.69,121.69,120.8,120.96,7757033,121.69,121.69,120.8,120.96,7757033,0.0,1.0
2019-05-31T00:00:00.000Z,123.33,123.4,122.315,122.55,15367001,123.33,123.4,122.315,122.55,15367001,0.0,1.0
2019-06-03T00:00:00.000Z,125.11,125.34,123.9,124.09,14173636,125.11,125.34,123.9,124.09,14173636,0.0,1.0
2019-06-04T00:00:00.000Z,125.15,125.42,124.61,124.88,7997062,125.15,125.42,124.61,124.88,7997062,0.0,1.0
2019-06-05T00:00:00.000Z,125.47,126.37,125.24,126.18,7637880,125.47,126.37,125.24,126.18,7637880,0.0,1.0
2019-06-06T00:00:00.000Z,125.88,126.45,125.8,125.93,5551778,125.88,126.45,125.8,125.93,5551778,0.0,1.0
2019-06-07T00:00:00.000Z,126.59,127.25,126.32,126.79,8145853,126.59,127.25,126.32,126.79,8145853,0.0,1.0
2019-06-10T00:00:00.000Z,125.33,125.525,125.065,125.46,5409983,125.33,125.525,125.065,125.46,5409983,0.0,1.0
2019-06-11T00:00:00.000Z,125.18,125.4,124.884,124.94,4757841,125.18,125.4,124.884,124.94,4757841,0.0,1.0
2019-06-12T00:00:00.000Z,125.83,126.2,125.56,125.6,5756153,125.83,126.2,125.56,125.6,5756153,0.0,1.0
2019-06-13T00:00:00.000Z,126.6,126.77,125.9599,126.03,5374818,126.6,126.77,125.9599,126.03,5374818,0.0,1.0
2019-06-14T00:00:00.000Z,126.56,127.63,126.26,127.21,9226446,126.56,127.63,126.26,127.21,9226446,0.0,1.0
2019-06-17T00:00:00.000Z,126.48,126.77,126.17,126.7,4763345,126.48,126.77,126.17,126.7,4763345,0.0,1.0
2019-06-18T00:00:00.000Z,127.12,127.75,126.39,127.58,10309646,127.12,127.75,126.39,127.58,10309646,0.0,1.0
2019-06-19T00:00:00.000Z,127.89,127.99,126.7,126.77,11660649,127.89,127.99,126.7,126.77,11660649,0.0,1.0
2019-06-20T00:00:00.000Z,131.11,131.49,130.185,130.41,18636339,131.11,131.49,130.185,130.41,18636339,0.0,1.0
2019-06-21T00:00:00.000Z,131.98,132.17,131.07,131.77,15068037,131.98,132.17,131.07,131.77,15068037,0.0,1.0
2019-06-24T00:00:00.000Z,133.94,134.035,132.58,132.77,17851801,133.94,134.035,132.58,132.77,17851801,0.0,1.0
2019-06-25T00:00:00.000Z,134.2,135.55,133.21,134.9,24772241,134.2,135.55,133.21,134.9,24772241,0.0,1.0
2019-06-26T00:00:00.000Z,132.97,133.55,132.41,132.99,12016402,132.97,133.55,132.41,132.99,12016402,0.0,1.0
2019-06-27T00:00:00.000Z,132.84,132.97,132.26,132.38,8412764,132.84,132.97,132.26,132.38,8412764,0.0,1.0
2019-06-28T00:00:00.000Z,133.2,133.34,132.61,133.05,8076966,133.2,133.34,132.61,133.05,8076966,0.0,1.0
2019-07-01T00:00:00.000Z,130.62,131.755,130.55,131.56,13369815,130.62,131.755,130.55,131.56,13369815,0.0,1.0
2019-07-02T00:00:00.000Z,133.41,133.63,131.16,131.27,13282139,133.41,133.63,131.16,131.27,13282139,0.0,1.0
2019-07-03T00:00:00.000Z,133.63,134.1,133.23,133.61,6351547,133.63,134.1,133.23,133.61,6351547,0.0,1.0
2019-07-05T00:00:00.000Z,132.14,132.32,130.81,131.46,11536581,132.14,132.32,130.81,131.46,11536581,0.0,1.0
2019-07-08T00:00:00.000Z,131.29,132.341,131.28,132.18,8028884,131.29,132.341,131.28,132.18,8028884,0.0,1.0
2019-07-09T00:00:00.000Z,131.75,132.1,131.1575,131.43,6633439,131.75,132.1,131.1575,131.43,6633439,0.0,1.0
2019-07-10T00:00:00.000Z,133.83,133.87,132.35,132.94,13920593,133.83,133.87,132.35,132.94,13920593,0.0,1.0
2019-07-11T00:00:00.000Z,132.7,133.7,132.41,133.58,7535133,132.7,133.7,132.41,133.58,7535133,0.0,1.0
2019-07-12T00:00:00.000Z,133.53,133.69,132.53,132.89,6309451,133.53,133.69,132.53,132.89,6309451,0.0,1.0
2019-07-15T00:00:00.000Z,133.53,133.53,132.805,133.18,4026583,133.53,133.53,132.805,133.18,4026583,0.0,1.0
2019-07-16T00:00:00.000Z,132.4,133.3,132.13,133.18,7965981,132.4,133.3,132.13,133.18,7965981,0.0,1.0
2019-07-17T00:00:00.000Z,134.58,134.6,132.89,133.0,11288279,134.58,134.6,132.89,133.0,11288279,0.0,1.0
2019-07-18T00:00:00.000Z,136.48,136.63,133.61,133.83,18466488,136.48,136.63,133.61,133.83,18466488,0.0,1.0
2019-07-19T00:00:00.000Z,134.47,136.03,133.97,135.45,18079195,134.47,136.03,133.97,135.45,18079195,0.0,1.0
2019-07-22T00:00:00.000Z,134.45,134.82,134.32,134.56,7570898,134.45,134.82,134.32,134.56,7570898,0.0,1.0
2019-07-23T00:00:00.000Z,133.69,134.95,133.56,134.43,9981379,133.69,134.95,133.56,134.43,9981379,0.0,1.0
2019-07-24T00:00:00.000Z,134.37,134.84,133.98,134.59,6715167,134.37,134.84,133.98,134.59,6715167,0.0,1.0
2019-07-25T00:00:00.000Z,133.42,134.28,133.09,134.24,11708241,133.42,134.28,133.09,134.24,11708241,0.0,1.0
2019-07-26T00:00:00.000Z,133.64,134.29,133.59,134.24,6249928,133.64,134.29,133.59,134.24,6249928,0.0,1.0
2019-07-29T00:00:00.000Z,134.53,134.729,133.44,134.06,9162417,134.53,134.729,133.44,134.06,9162417,0.0,1.0
2019-07-30T00:00:00.000Z,134.98,135.18,134.41,134.76,9458733,134.98,135.18,134.41,134.76,9458733,0.0,1.0
2019-07-31T00:00:00.000Z,133.21,135.42,133.02,135.03,18797199,133.21,135.42,133.02,135.03,18797199,0.0,1.0
2019-08-01T00:00:00.000Z,136.41,136.43,132.305,132.42,27719822,136.41,136.43,132.305,132.42,27719822,0.0,1.0
2019-08-02T00:00:00.000Z,135.89,136.6,135.37,135.39,13753222,135.89,136.6,135.37,135.39,13753222,0.0,1.0
2019-08-05T00:00:00.000Z,137.79,138.64,137.05,137.93,17519817,137.79,138.64,137.05,137.93,17519817,0.0,1.0
2019-08-06T00:00:00.000Z,138.91,139.03,138.005,138.33,9471209,138.91,139.03,138.005,138.33,9471209,0.0,1.0
2019-08-07T00:00:00.000Z,141.02,142.47,140.88,141.28,26671092,141.02,142.47,140.88,141.28,26671092,0.0,1.0
2019-08-08T00:00:00.000Z,141.73,142.37,140.71,140.9,13108554,141.73,142.37,140.71,140.9,13108554,0.0,1.0
2019-08-09T00:00:00.000Z,141.26,142.03,140.96,141.28,9485912,141.26,142.03,140.96,141.28,9485912,0.0,1.0
2019-08-12T00:00:00.000Z,142.63,143.38,141.64,141.67,22574074,142.63,143.38,141.64,141.67,22574074,0.0,1.0
2019-08-13T00:00:00.000Z,141.78,143.285,139.35,143.17,29930394,141.78,143.285,139.35,143.17,29930394,0.0,1.0
2019-08-14T00:00:00.000Z,142.75,143.75,142.05,142.9,20672858,142.75,143.75,142.05,142.9,20672858,0.0,1.0
2019-08-15T00:00:00.000Z,143.7,144.02,142.61,142.96,13501099,143.7,144.02,142.61,142.96,13501099,0.0,1.0
2019-08-16T00:00:00.000Z,142.78,143.13,141.8,142.75,12184492,142.78,143.13,141.8,142.75,12184492,0.0,1.0
2019-08-19T00:00:00.000Z,141.11,141.79,140.85,141.33,10558366,141.11,141.79,140.85,141.33,10558366,0.0,1.0
2019-08-20T00:00:00.000Z,142.21,142.255,141.6,141.77,7479375,142.21,142.255,141.6,141.77,7479375,0.0,1.0
2019-08-21T00:00:00.000Z,141.76,142.17,141.46,141.62,8118733,141.76,142.17,141.46,141.62,8118733,0.0,1.0
2019-08-22T00:00:00.000Z,141.4,141.9,141.17,141.39,6847647,141.4,141.9,141.17,141.39,6847647,0.0,1.0
2019-08-23T00:00:00.000Z,144.17,144.33,141.64,141.84,20290539,144.17,144.33,141.64,141.84,20290539,0.0,1.0
2019-08-26T00:00:00.000Z,144.19,144.97,143.91,144.35,12200810,144.19,144.97,143.91,144.35,12200810,0.0,1.0
2019-08-27T00:00:00.000Z,145.57,145.68,144.27,144.3,12857588,145.57,145.68,144.27,144.3,12857588,0.0,1.0
2019-08-28T00:00:00.000Z,145.16,145.68,144.64,145.39,11452157,145.16,145.68,144.64,145.39,11452157,0.0,1.0
2019-08-29T00:00:00.000Z,144.12,145.49,143.28,145.4,14764572,144.12,145.49,143.28,145.4,14764572,0.0,1.0
2019-08-30T00:00:00.000Z,143.75,144.8822,143.02,143.84,9641918,143.75,144.8822,143.02,143.84,9641918,0.0,1.0
2019-09-03T00:00:00.000Z,145.75,146.13,144.741,144.96,15613445,145.75,146.13,144.741,144.96,15613445,0.0,1.0
2019-09-04T00:00:00.000Z,146.66,146.82,145.5,145.54,11284999,146.66,146.82,145.5,145.54,11284999,0.0,1.0
2019-09-05T00:00:00.000Z,143.14,145.015,142.0,144.9867,20292448,143.14,145.015,142.0,144.9867,20292448,0.0,1.0
2019-09-06T00:00:00.000Z,141.94,144.06,141.86,143.66,14174625,141.94,144.06,141.86,143.66,14174625,0.0,1.0
2019-09-09T00:00:00.000Z,141.39,142.46,141.18,142.37,11317417,141.39,142.46,141.18,142.37,11317417,0.0,1.0
2019-09-10T00:00:00.000Z,140.18,141.525,140.16,141.23,12606324,140.18,141.525,140.16,141.23,12606324,0.0,1.0
2019-09-11T00:00:00.000Z,141.03,141.26,140.28,140.3401,7435539,141.03,141.26,140.28,140.3401,7435539,0.0,1.0
2019-09-12T00:00:00.000Z,141.32,143.1,141.11,142.6899,12661188,141.32,143.1,141.11,142.6899,12661188,0.0,1.0
2019-09-13T00:00:00.000Z,140.15,141.99,140.06,141.73,13450924,140.15,141.99,140.06,141.73,13450924,0.0,1.0
2019-09-16T00:00:00.000Z,141.32,142.05,141.02,141.6,8078398,141.32,142.05,141.02,141.6,8078398,0.0,1.0
2019-09-17T00:00:00.000Z,141.6,142.11,141.2237,141.82,7045262,141.6,142.11,141.2237,141.82,7045262,0.0,1.0
2019-09-18T00:00:00.000Z,140.71,142.53,139.81,141.93,15066645,140.71,142.53,139.81,141.93,15066645,0.0,1.0
2019-09-19T00:00:00.000Z,141.28,141.74,141.0851,141.57,8062414,141.28,141.74,141.0851,141.57,8062414,0.0,1.0
2019-09-20T00:00:00.000Z,142.95,143.03,141.46,141.61,12143073,142.95,143.03,141.46,141.61,12143073,0.0,1.0
2019-09-23T00:00:00.000Z,143.75,143.94,143.07,143.19,9033969,143.75,143.94,143.07,143.19,9033969,0.0,1.0
2019-09-24T00:00:00.000Z,144.51,144.77,142.88,143.21,10619888,144.51,144.77,142.88,143.21,10619888,0.0,1.0
2019-09-25T00:00:00.000Z,141.83,144.29,141.44,144.08,11993328,141.83,144.29,141.44,144.08,11993328,0.0,1.0
2019-09-26T00:00:00.000Z,141.79,142.57,141.56,142.19,8781994,141.79,142.57,141.56,142.19,8781994,0.0,1.0
2019-09-27T00:00:00.000Z,141.06,141.68,140.16,140.35,9663779,141.06,141.68,140.16,140.35,9663779,0.0,1.0
2019-09-30T00:00:00.000Z,138.87,140.21,138.03,139.77,15501664,138.87,140.21,138.03,139.77,15501664,0.0,1.0
2019-10-01T00:00:00.000Z,139.63,140.19,137.8,138.07,12500459,139.63,140.19,137.8,138.07,12500459,0.0,1.0
2019-10-02T00:00:00.000Z,141.26,141.88,140.462,140.79,11942729,141.26,141.88,140.462,140.79,11942729,0.0,1.0
2019-10-03T00:00:00.000Z,141.9,143.25,141.29,141.36,12406393,141.9,143.25,141.29,141.36,12406393,0.0,1.0
2019-10-04T00:00:00.000Z,141.9,142.31,141.14,141.48,9689748,141.9,142.31,141.14,141.48,9689748,0.0,1.0
2019-10-07T00:00:00.000Z,140.69,141.7709,140.24,141.16,6155985,140.69,141.7709,140.24,141.16,6155985,0.0,1.0
2019-10-08T00:00:00.000Z,141.92,142.29,141.17,142.03,10478330,141.92,142.29,141.17,142.03,10478330,0.0,1.0
2019-10-09T00:00:00.000Z,142.05,142.58,141.62,142.16,6928809,142.05,142.58,141.62,142.16,6928809,0.0,1.0
2019-10-10T00:00:00.000Z,140.81,141.66,140.578,141.59,9274648,140.81,141.66,140.578,141.59,9274648,0.0,1.0
2019-10-11T00:00:00.000Z,140.03,140.19,138.91,139.9801,11423274,140.03,140.19,138.91,139.9801,11423274,0.0,1.0
2019-10-14T00:00:00.000Z,140.59,140.82,140.34,140.45,4008722,140.59,140.82,140.34,140.45,4008722,0.0,1.0
2019-10-15T00:00:00.000Z,139.61,140.3,139.21,140.27,9130388,139.61,140.3,139.21,140.27,9130388,0.0,1.0
2019-10-16T00:00:00.000Z,140.41,140.53,139.6988,140.1599,10363294,140.41,140.53,139.6988,140.1599,10363294,0.0,1.0
2019-10-17T00:00:00.000Z,140.61,141.12,140.42,140.5,6216147,140.61,141.12,140.42,140.5,6216147,0.0,1.0
2019-10-18T00:00:00.000Z,140.46,140.71,140.32,140.5,6416080,140.46,140.71,140.32,140.5,6416080,0.0,1.0
2019-10-21T00:00:00.000Z,139.79,140.76,139.6,140.72,8312737,139.79,140.76,139.6,140.72,8312737,0.0,1.0
2019-10-22T00:00:00.000Z,140.2,140.3,139.72,140.13,3880815,140.2,140.3,139.72,140.13,3880815,0.0,1.0
2019-10-23T00:00:00.000Z,140.53,141.0,140.5,140.59,4159671,140.53,141.0,140.5,140.59,4159671,0.0,1.0
2019-10-24T00:00:00.000Z,141.53,141.74,140.93,141.0,6263966,141.53,141.74,140.93,141.0,6263966,0.0,1.0
2019-10-25T00:00:00.000Z,141.86,142.83,141.4,142.8181,6008671,141.86,142.83,141.4,142.8181,6008671,0.0,1.0
2019-10-28T00:00:00.000Z,140.64,141.25,140.4004,141.25,5402458,140.64,141.25,140.4004,141.25,5402458,0.0,1.0
2019-10-29T00:00:00.000Z,140.25,140.63,139.78,140.0,3835104,140.25,140.63,139.78,140.0,3835104,0.0,1.0
2019-10-30T00:00:00.000Z,141.02,141.04,139.55,140.54,6992123,141.02,141.04,139.55,140.54,6992123,0.0,1.0
2019-10-31T00:00:00.000Z,142.43,142.69,141.89,141.98,7043202,142.43,142.69,141.89,141.98,7043202,0.0,1.0
2019-11-01T00:00:00.000Z,142.56,142.9,142.01,142.21,8089314,142.56,142.9,142.01,142.21,8089314,0.0,1.0
2019-11-04T00:00:00.000Z,142.15,142.45,141.7446,142.2367,4737087,142.15,142.45,141.7446,142.2367,4737087,0.0,1.0
2019-11-05T00:00:00.000Z,139.85,140.89,139.38,140.7,11769429,139.85,140.89,139.38,140.7,11769429,0.0,1.0
2019-11-06T00:00:00.000Z,140.45,140.79,140.0,140.12,6404884,140.45,140.79,140.0,140.12,6404884,0.0,1.0
2019-11-07T00:00:00.000Z,138.27,140.2,137.6,140.11,15176983,138.27,140.2,137.6,140.11,15176983,0.0,1.0
2019-11-08T00:00:00.000Z,137.39,138.33,137.39,137.7,10377412,137.39,138.33,137.39,137.7,10377412,0.0,1.0
2019-11-11T00:00:00.000Z,137.06,137.79,136.435,137.61,7037251,137.06,137.79,136.435,137.61,7037251,0.0,1.0
2019-11-12T00:00:00.000Z,137.43,137.59,136.19,137.03,6448394,137.43,137.59,136.19,137.03,6448394,0.0,1.0
2019-11-13T00:00:00.000Z,137.98,138.22,137.64,137.8,8809170,137.98,138.22,137.64,137.8,8809170,0.0,1.0
2019-11-14T00:00:00.000Z,138.56,138.94,137.8685,138.38,5220259,138.56,138.94,137.8685,138.38,5220259,0.0,1.0
2019-11-15T00:00:00.000Z,138.21,138.4208,137.971,138.03,10106690,138.21,138.4208,137.971,138.03,10106690,0.0,1.0
2019-11-18T00:00:00.000Z,138.62,138.85,138.3,138.44,5717762,138.62,138.85,138.3,138.44,5717762,0.0,1.0
2019-11-19T00:00:00.000Z,138.69,138.9716,138.13,138.13,4819651,138.69,138.9716,138.13,138.13,4819651,0.0,1.0
2019-11-20T00:00:00.000Z,138.76,139.0,138.1,138.53,6864781,138.76,139.0,138.1,138.53,6864781,0.0,1.0
2019-11-21T00:00:00.000Z,138.0,138.56,137.77,138.39,4196464,138.0,138.56,137.77,138.39,4196464,0.0,1.0
2019-11-22T00:00:00.000Z,137.74,138.46,137.66,138.37,3620266,137.74,138.46,137.66,138.37,3620266,0.0,1.0
2019-11-25T00:00:00.000Z,137.08,137.62,136.99,137.32,6468727,137.08,137.62,136.99,137.32,6468727,0.0,1.0
2019-11-26T00:00:00.000Z,137.74,137.8,136.58,136.98,4724383,137.74,137.8,136.58,136.98,4724383,0.0,1.0
2019-11-27T00:00:00.000Z,137.01,137.21,136.83,137.03,4106004,137.01,137.21,136.83,137.03,4106004,0.0,1.0
2019-11-29T00:00:00.000Z,137.86,138.1341,137.08,137.1,4516421,137.86,138.1341,137.08,137.1,4516421,0.0,1.0
2019-12-02T00:00:00.000Z,137.79,138.09,137.3,137.314,8274464,137.79,138.09,137.3,137.314,8274464,0.0,1.0
2019-12-03T00:00:00.000Z,139.11,139.57,138.97,139.06,8500626,139.11,139.57,138.97,139.06,8500626,0.0,1.0
2019-12-04T00:00:00.000Z,138.92,139.165,138.59,139.16,6322253,138.92,139.165,138.59,139.16,6322253,0.0,1.0
2019-12-05T00:00:00.000Z,139.0,139.45,138.79,138.8,5661533,139.0,139.45,138.79,138.8,5661533,0.0,1.0
2019-12-06T00:00:00.000Z,137.62,137.8262,137.4,137.76,8714531,137.62,137.8262,137.4,137.76,8714531,0.0,1.0
2019-12-09T00:00:00.000Z,137.58,137.81,137.45,137.81,2711506,137.58,137.81,137.45,137.81,2711506,0.0,1.0
2019-12-10T00:00:00.000Z,137.97,138.33,137.74,138.25,3240667,137.97,138.33,137.74,138.25,3240667,0.0,1.0
2019-12-11T00:00:00.000Z,138.92,139.3,138.1201,138.2,6051297,138.92,139.3,138.1201,138.2,6051297,0.0,1.0
2019-12-12T00:00:00.000Z,138.43,139.85,137.88,139.78,8809561,138.43,139.85,137.88,139.78,8809561,0.0,1.0
2019-12-13T00:00:00.000Z,139.05,139.21,137.98,138.52,6964255,139.05,139.21,137.98,138.52,6964255,0.0,1.0
2019-12-16T00:00:00.000Z,139.04,139.39,138.8,139.2,4645603,139.04,139.39,138.8,139.2,4645603,0.0,1.0
2019-12-17T00:00:00.000Z,139.01,139.3,138.851,139.04,4287398,139.01,139.3,138.851,139.04,4287398,0.0,1.0
2019-12-18T00:00:00.000Z,139.02,139.25,138.81,138.86,3607526,139.02,139.25,138.81,138.86,3607526,0.0,1.0
2019-12-19T00:00:00.000Z,139.38,139.55,138.87,139.0421,4974681,139.38,139.55,138.87,139.0421,4974681,0.0,1.0
2019-12-20T00:00:00.000Z,139.52,139.52,138.98,139.3705,4446611,139.52,139.52,138.98,139.3705,4446611,0.0,1.0
2019-12-23T00:00:00.000Z,139.95,139.96,139.53,139.53,5180814,139.95,139.96,139.53,139.53,5180814,0.0,1.0
2019-12-24T00:00:00.000Z,141.27,141.33,140.43,140.4401,5303698,141.27,141.33,140.43,140.4401,5303698,0.0,1.0
2019-12-26T00:00:00.000Z,142.38,142.47,141.9062,142.06,8338329,142.38,142.47,141.9062,142.06,8338329,0.0,1.0
2019-12-27T00:00:00.000Z,142.33,142.73,142.17,142.26,5119883,142.33,142.73,142.17,142.26,5119883,0.0,1.0
2019-12-30T00:00:00.000Z,142.63,142.8,142.46,142.57,4810215,142.63,142.8,142.46,142.57,4810215,0.0,1.0
2019-12-31T00:00:00.000Z,142.9,143.605,142.8,143.31,5312671,142.9,143.605,142.8,143.31,5312671,0.0,1.0
2020-01-02T00:00:00.000Z,143.95,144.21,143.4,143.86,7732710,143.95,144.21,143.4,143.86,7732710,0.0,1.0
2020-01-03T00:00:00.000Z,145.86,146.32,145.4,145.7713,12272707,145.86,146.32,145.4,145.7713,12272707,0.0,1.0
2020-01-06T00:00:00.000Z,147.39,148.48,146.95,148.42,14397138,147.39,148.48,146.95,148.42,14397138,0.0,1.0
2020-01-07T00:00:00.000Z,147.97,148.14,147.43,147.57,7996704,147.97,148.14,147.43,147.57,7996704,0.0,1.0
2020-01-08T00:00:00.000Z,146.86,148.61,146.14,148.49,22247107,146.86,148.61,146.14,148.49,22247107,0.0,1.0
2020-01-09T00:00:00.000Z,146.03,146.41,145.44,146.07,10292147,146.03,146.41,145.44,146.07,10292147,0.0,1.0
2020-01-10T00:00:00.000Z,146.91,146.99,146.17,146.22,6183208,146.91,146.99,146.17,146.22,6183208,0.0,1.0
2020-01-13T00:00:00.000Z,145.82,146.38,145.78,146.35,7593771,145.82,146.38,145.78,146.35,7593771,0.0,1.0
2020-01-14T00:00:00.000Z,145.69,145.81,145.082,145.4005,6589676,145.69,145.81,145.082,145.4005,6589676,0.0,1.0
2020-01-15T00:00:00.000Z,146.54,146.73,145.82,146.21,6498475,146.54,146.73,145.82,146.21,6498475,0.0,1.0
2020-01-16T00:00:00.000Z,146.31,146.4658,145.755,146.2313,6051756,146.31,146.4658,145.755,146.2313,6051756,0.0,1.0
2020-01-17T00:00:00.000Z,146.58,146.99,146.31,146.51,11119151,146.58,146.99,146.31,146.51,11119151,0.0,1.0
2020-01-21T00:00:00.000Z,146.74,146.86,145.551,145.77,6076269,146.74,146.86,145.551,145.77,6076269,0.0,1.0
2020-01-22T00:00:00.000Z,146.79,146.81,146.38,146.68,4772215,146.79,146.81,146.38,146.68,4772215,0.0,1.0
2020-01-23T00:00:00.000Z,147.12,147.62,146.62,147.0,8411937,147.12,147.62,146.62,147.0,8411937,0.0,1.0
2020-01-24T00:00:00.000Z,147.98,148.38,146.89,146.9221,9913786,147.98,148.38,146.89,146.9221,9913786,0.0,1.0
2020-01-27T00:00:00.000Z,148.99,149.32,148.4575,149.21,9963178,148.99,149.32,148.4575,149.21,9963178,0.0,1.0
2020-01-28T00:00:00.000Z,147.66,148.56,147.53,148.36,7507154,147.66,148.56,147.53,148.36,7507154,0.0,1.0
2020-01-29T00:00:00.000Z,148.46,148.56,147.61,147.7,5004617,148.46,148.56,147.61,147.7,5004617,0.0,1.0
2020-01-30T00:00:00.000Z,148.47,149.31,148.01,148.69,9117215,148.47,149.31,148.01,148.69,9117215,0.0,1.0
2020-01-31T00:00:00.000Z,149.33,149.68,148.81,148.88,14781354,149.33,149.68,148.81,148.88,14781354,0.0,1.0
2020-02-03T00:00:00.000Z,148.36,148.78,147.6802,148.66,9103481,148.36,148.78,147.6802,148.66,9103481,0.0,1.0
2020-02-04T00:00:00.000Z,146.43,147.03,145.8,146.96,10501897,146.43,147.03,145.8,146.96,10501897,0.0,1.0
2020-02-05T00:00:00.000Z,146.61,146.81,146.16,146.38,6156860,146.61,146.81,146.16,146.38,6156860,0.0,1.0
2020-02-06T00:00:00.000Z,147.4,147.63,147.0,147.28,4807047,147.4,147.63,147.0,147.28,4807047,0.0,1.0
2020-02-07T00:00:00.000Z,147.79,148.18,147.335,147.83,6367355,147.79,148.18,147.335,147.83,6367355,0.0,1.0
2020-02-10T00:00:00.000Z,148.17,148.4464,147.91,148.21,5788476,148.17,148.4464,147.91,148.21,5788476,0.0,1.0
2020-02-11T00:00:00.000Z,147.66,148.16,147.01,148.03,5173393,147.66,148.16,147.01,148.03,5173393,0.0,1.0
2020-02-12T00:00:00.000Z,147.54,147.81,147.1567,147.42,5008759,147.54,147.81,147.1567,147.42,5008759,0.0,1.0
2020-02-13T00:00:00.000Z,148.38,148.58,147.9501,148.24,7080088,148.38,148.58,147.9501,148.24,7080088,0.0,1.0
2020-02-14T00:00:00.000Z,149.0,149.13,148.63,148.74,5344151,149.0,149.13,148.63,148.74,5344151,0.0,1.0
2020-02-18T00:00:00.000Z,150.91,151.09,149.47,149.88,11523582,150.91,151.09,149.47,149.88,11523582,0.0,1.0
2020-02-19T00:00:00.000Z,151.79,151.82,150.815,150.9884,9240505,151.79,151.82,150.815,150.9884,9240505,0.0,1.0
2020-02-20T00:00:00.000Z,152.41,152.83,151.95,152.0,8427774,152.41,152.83,151.95,152.0,8427774,0.0,1.0
2020-02-21T00:00:00.000Z,154.7,155.2219,154.18,154.4057,16344191,154.7,155.2219,154.18,154.4057,16344191,0.0,1.0
2020-02-24T00:00:00.000Z,156.09,158.53,155.36,158.36,27077119,156.09,158.53,155.36,158.36,27077119,0.0,1.0
2020-02-25T00:00:00.000Z,153.3,156.08,152.91,155.12,28034251,153.3,156.08,152.91,155.12,28034251,0.0,1.0
2020-02-26T00:00:00.000Z,153.97,155.28,152.9,153.84,17902830,153.97,155.28,152.9,153.84,17902830,0.0,1.0
2020-02-27T00:00:00.000Z,154.0,156.27,153.9,155.58,27842425,154.0,156.27,153.9,155.58,27842425,0.0,1.0
2020-02-28T00:00:00.000Z,148.38,152.77,147.05,152.71,42698920,148.38,152.77,147.05,152.71,42698920,0.0,1.0
2020-03-02T00:00:00.000Z,149.2,150.73,149.04,149.97,16264343,149.2,150.73,149.04,149.97,16264343,0.0,1.0
2020-03-03T00:00:00.000Z,153.89,155.24,150.735,150.84,28473121,153.89,155.24,150.735,150.84,28473121,0.0,1.0
2020-03-04T00:00:00.000Z,154.16,154.96,153.7,154.4,12271488,154.16,154.96,153.7,154.4,12271488,0.0,1.0
2020-03-05T00:00:00.000Z,157.49,157.62,155.72,156.06,17937637,157.49,157.62,155.72,156.06,17937637,0.0,1.0
2020-03-06T00:00:00.000Z,157.55,159.25,154.54,158.32,26934835,157.55,159.25,154.54,158.32,26934835,0.0,1.0
2020-03-09T00:00:00.000Z,157.81,159.37,156.33,158.5,24773134,157.81,159.37,156.33,158.5,24773134,0.0,1.0
2020-03-10T00:00:00.000Z,154.48,156.41,154.39,156.2303,18687110,154.48,156.41,154.39,156.2303,18687110,0.0,1.0
2020-03-11T00:00:00.000Z,153.93,156.5,153.61,156.26,17763825,153.93,156.5,153.61,156.26,17763825,0.0,1.0
2020-03-12T00:00:00.000Z,147.79,151.55,146.85,151.53,32836122,147.79,151.55,146.85,151.53,32836122,0.0,1.0
2020-03-13T00:00:00.000Z,143.28,149.6,141.58,149.42,35132872,143.28,149.6,141.58,149.42,35132872,0.0,1.0
2020-03-16T00:00:00.000Z,141.64,142.96,136.12,137.56,24368528,141.64,142.96,136.12,137.56,24368528,0.0,1.0
2020-03-17T00:00:00.000Z,143.56,146.2,139.93,140.18,24390448,143.56,146.2,139.93,140.18,24390448,0.0,1.0
2020-03-18T00:00:00.000Z,140.7,142.88,138.5,141.75,21891367,140.7,142.88,138.5,141.75,21891367,0.0,1.0
2020-03-19T00:00:00.000Z,138.04,140.5,137.8503,139.0781,20771230,138.04,140.5,137.8503,139.0781,20771230,0.0,1.0
2020-03-20T00:00:00.000Z,140.11,141.17,139.14,140.7399,19896161,140.11,141.17,139.14,140.7399,19896161,0.0,1.0
2020-03-23T00:00:00.000Z,146.3,146.93,142.28,142.675,28205580,146.3,146.93,142.28,142.675,28205580,0.0,1.0
2020-03-24T00:00:00.000Z,153.4,155.66,152.05,153.5,20601136,153.4,155.66,152.05,153.5,20601136,0.0,1.0
2020-03-25T00:00:00.000Z,151.3,152.878,151.01,152.58,16408181,151.3,152.878,151.01,152.58,16408181,0.0,1.0
2020-03-26T00:00:00.000Z,153.24,154.81,152.08,153.3,12744195,153.24,154.81,152.08,153.3,12744195,0.0,1.0
2020-03-27T00:00:00.000Z,152.25,153.55,152.0,153.0,9818063,152.25,153.55,152.0,153.0,9818063,0.0,1.0
2020-03-30T00:00:00.000Z,152.92,153.08,151.57,152.41,12064244,152.92,153.08,151.57,152.41,12064244,0.0,1.0
2020-03-31T00:00:00.000Z,148.05,151.8,147.97,151.36,13282011,148.05,151.8,147.97,151.36,13282011,0.0,1.0
2020-04-01T00:00:00.000Z,149.45,150.08,147.85,148.2,11789096,149.45,150.08,147.85,148.2,11789096,0.0,1.0
2020-04-02T00:00:00.000Z,151.9,152.5,150.7,151.2,9171702,151.9,152.5,150.7,151.2,9171702,0.0,1.0
2020-04-03T00:00:00.000Z,152.65,153.09,151.66,152.4097,8466802,152.65,153.09,151.66,152.4097,8466802,0.0,1.0
2020-04-06T00:00:00.000Z,156.88,157.22,153.96,154.1699,14636349,156.88,157.22,153.96,154.1699,14636349,0.0,1.0
2020-04-07T00:00:00.000Z,156.04,156.14,154.38,155.33,9167837,156.04,156.14,154.38,155.33,9167837,0.0,1.0
2020-04-08T00:00:00.000Z,154.65,155.94,154.59,155.91,7589797,154.65,155.94,154.59,155.91,7589797,0.0,1.0
2020-04-09T00:00:00.000Z,158.69,159.08,157.21,158.08,18039666,158.69,159.08,157.21,158.08,18039666,0.0,1.0
2020-04-13T00:00:00.000Z,161.41,162.38,158.625,159.17,20520700,161.41,162.38,158.625,159.17,20520700,0.0,1.0
2020-04-14T00:00:00.000Z,162.68,164.42,161.78,162.6701,17085552,162.68,164.42,161.78,162.6701,17085552,0.0,1.0
2020-04-15T00:00:00.000Z,161.85,162.54,160.8061,161.8,12112985,161.85,162.54,160.8061,161.8,12112985,0.0,1.0
2020-04-16T00:00:00.000Z,161.71,163.15,160.65,161.88,9164551,161.71,163.15,160.65,161.88,9164551,0.0,1.0
2020-04-17T00:00:00.000Z,158.57,160.07,158.12,159.72,14646944,158.57,160.07,158.12,159.72,14646944,0.0,1.0
2020-04-20T00:00:00.000Z,159.7,160.22,158.46,158.62,10680239,159.7,160.22,158.46,158.62,10680239,0.0,1.0
2020-04-21T00:00:00.000Z,158.61,159.21,157.04,157.6,12457516,158.61,159.21,157.04,157.6,12457516,0.0,1.0
2020-04-22T00:00:00.000Z,161.73,161.74,160.42,160.5,12891829,161.73,161.74,160.42,160.5,12891829,0.0,1.0
2020-04-23T00:00:00.000Z,163.34,163.6,161.84,162.38,14920793,163.34,163.6,161.84,162.38,14920793,0.0,1.0
2020-04-24T00:00:00.000Z,162.64,163.31,160.89,163.13,11198404,162.64,163.31,160.89,163.13,11198404,0.0,1.0
2020-04-27T00:00:00.000Z,161.56,162.0,160.41,161.88,9024335,161.56,162.0,160.41,161.88,9024335,0.0,1.0
2020-04-28T00:00:00.000Z,160.84,160.98,159.16,160.89,10378909,160.84,160.98,159.16,160.89,10378909,0.0,1.0
2020-04-29T00:00:00.000Z,161.73,161.85,159.76,160.1,12221655,161.73,161.85,159.76,160.1,12221655,0.0,1.0
2020-04-30T00:00:00.000Z,158.8,160.82,158.13,160.22,13626783,158.8,160.82,158.13,160.22,13626783,0.0,1.0
2020-05-01T00:00:00.000Z,159.78,160.45,157.8,158.0,10881552,159.78,160.45,157.8,158.0,10881552,0.0,1.0
2020-05-04T00:00:00.000Z,160.34,160.95,159.91,160.33,7982737,160.34,160.95,159.91,160.33,7982737,0.0,1.0
2020-05-05T00:00:00.000Z,161.02,161.1,159.33,160.16,10550702,161.02,161.1,159.33,160.16,10550702,0.0,1.0
2020-05-06T00:00:00.000Z,158.95,159.81,158.1,158.99,13342862,158.95,159.81,158.1,158.99,13342862,0.0,1.0
2020-05-07T00:00:00.000Z,161.39,161.96,159.36,159.5,13689766,161.39,161.96,159.36,159.5,13689766,0.0,1.0
2020-05-08T00:00:00.000Z,160.42,162.0,160.0,161.08,12240280,160.42,162.0,160.0,161.08,12240280,0.0,1.0
2020-05-11T00:00:00.000Z,159.42,160.71,158.89,160.34,11191579,159.42,160.71,158.89,160.34,11191579,0.0,1.0
2020-05-12T00:00:00.000Z,160.04,160.95,159.72,160.3,10384042,160.04,160.95,159.72,160.3,10384042,0.0,1.0
2020-05-13T00:00:00.000Z,161.58,161.62,160.54,160.94,10936634,161.58,161.62,160.54,160.94,10936634,0.0,1.0
2020-05-14T00:00:00.000Z,163.01,163.34,161.51,161.53,17074770,163.01,163.34,161.51,161.53,17074770,0.0,1.0
2020-05-15T00:00:00.000Z,163.93,164.8,163.08,164.02,13915777,163.93,164.8,163.08,164.02,13915777,0.0,1.0
2020-05-18T00:00:00.000Z,162.69,164.495,162.4102,164.33,14132780,162.69,164.495,162.4102,164.33,14132780,0.0,1.0
2020-05-19T00:00:00.000Z,164.26,164.43,163.04,163.6,8536322,164.26,164.43,163.04,163.6,8536322,0.0,1.0
2020-05-20T00:00:00.000Z,164.65,164.9599,163.89,164.54,10658300,164.65,164.9599,163.89,164.54,10658300,0.0,1.0
2020-05-21T00:00:00.000Z,162.25,163.58,161.37,163.46,11786413,162.25,163.58,161.37,163.46,11786413,0.0,1.0
2020-05-22T00:00:00.000Z,163.21,163.47,162.74,162.88,8537849,163.21,163.47,162.74,162.88,8537849,0.0,1.0
2020-05-26T00:00:00.000Z,160.89,162.58,160.69,162.58,13929709,160.89,162.58,160.69,162.58,13929709,0.0,1.0
2020-05-27T00:00:00.000Z,161.18,161.34,159.2,159.42,13060837,161.18,161.34,159.2,159.42,13060837,0.0,1.0
2020-05-28T00:00:00.000Z,161.72,162.4598,160.9,162.12,9757164,161.72,162.4598,160.9,162.12,9757164,0.0,1.0
2020-05-29T00:00:00.000Z,162.91,163.4,162.32,162.58,12581762,162.91,163.4,162.32,162.58,12581762,0.0,1.0
2020-06-01T00:00:00.000Z,163.66,163.74,162.39,162.9235,8139420,163.66,163.74,162.39,162.9235,8139420,0.0,1.0
2020-06-02T00:00:00.000Z,162.6,164.08,161.86,163.9999,10385420,162.6,164.08,161.86,163.9999,10385420,0.0,1.0
2020-06-03T00:00:00.000Z,159.6,160.9,158.82,160.3301,16981986,159.6,160.9,158.82,160.3301,16981986,0.0,1.0
2020-06-04T00:00:00.000Z,161.28,161.87,159.84,161.14,10089713,161.28,161.87,159.84,161.14,10089713,0.0,1.0
2020-06-05T00:00:00.000Z,158.01,158.72,157.035,158.6201,16017821,158.01,158.72,157.035,158.6201,16017821,0.0,1.0
2020-06-08T00:00:00.000Z,159.72,159.8599,158.47,158.9,9235800,159.72,159.8599,158.47,158.9,9235800,0.0,1.0
2020-06-09T00:00:00.000Z,161.26,161.775,160.87,161.07,9028378,161.26,161.775,160.87,161.07,9028378,0.0,1.0
2020-06-10T00:00:00.000Z,163.57,163.63,160.52,162.11,12988548,163.57,163.63,160.52,162.11,12988548,0.0,1.0
2020-06-11T00:00:00.000Z,162.39,164.06,161.9701,163.3299,11669004,162.39,164.06,161.9701,163.3299,11669004,0.0,1.0
2020-06-12T00:00:00.000Z,162.62,163.88,162.56,163.41,6891670,162.62,163.88,162.56,163.41,6891670,0.0,1.0
2020-06-15T00:00:00.000Z,162.33,162.56,160.16,160.52,8520875,162.33,162.56,160.16,160.52,8520875,0.0,1.0
2020-06-16T00:00:00.000Z,162.25,162.685,161.36,161.85,7962903,162.25,162.685,161.36,161.85,7962903,0.0,1.0
2020-06-17T00:00:00.000Z,162.56,162.62,161.77,162.0,4752277,162.56,162.62,161.77,162.0,4752277,0.0,1.0
2020-06-18T00:00:00.000Z,162.24,162.32,161.44,162.1965,5393023,162.24,162.32,161.44,162.1965,5393023,0.0,1.0
2020-06-19T00:00:00.000Z,164.03,164.09,162.78,162.87,12181570,164.03,164.09,162.78,162.87,12181570,0.0,1.0
2020-06-22T00:00:00.000Z,165.09,165.73,164.41,165.06,12357344,165.09,165.73,164.41,165.06,12357344,0.0,1.0
2020-06-23T00:00:00.000Z,166.48,166.52,165.52,165.63,12130759,166.48,166.52,165.52,165.63,12130759,0.0,1.0
2020-06-24T00:00:00.000Z,165.9,166.99,165.45,166.01,10850683,165.9,166.99,165.45,166.01,10850683,0.0,1.0
2020-06-25T00:00:00.000Z,165.8,165.91,165.16,165.89,7080571,165.8,165.91,165.16,165.89,7080571,0.0,1.0
2020-06-26T00:00:00.000Z,166.54,166.56,164.22,164.87,9742380,166.54,166.56,164.22,164.87,9742380,0.0,1.0
2020-06-29T00:00:00.000Z,166.63,166.8,166.18,166.56,6735695,166.63,166.8,166.18,166.56,6735695,0.0,1.0
2020-06-30T00:00:00.000Z,167.37,167.99,166.19,166.31,12746655,167.37,167.99,166.19,166.31,12746655,0.0,1.0
2020-07-01T00:00:00.000Z,166.62,167.06,165.34,167.05,13183934,166.62,167.06,165.34,167.05,13183934,0.0,1.0
2020-07-02T00:00:00.000Z,166.98,167.24,166.02,166.2,8750017,166.98,167.24,166.02,166.2,8750017,0.0,1.0
2020-07-06T00:00:00.000Z,167.98,168.0,167.19,167.75,7259154,167.98,168.0,167.19,167.75,7259154,0.0,1.0
2020-07-07T00:00:00.000Z,169.04,169.04,167.38,167.41,11589391,169.04,169.04,167.38,167.41,11589391,0.0,1.0
2020-07-08T00:00:00.000Z,170.09,170.86,169.78,170.32,11686924,170.09,170.86,169.78,170.32,11686924,0.0,1.0
2020-07-09T00:00:00.000Z,169.63,170.64,168.78,170.48,13317747,169.63,170.64,168.78,170.48,13317747,0.0,1.0
2020-07-10T00:00:00.000Z,169.19,170.15,168.57,169.95,8213071,169.19,170.15,168.57,169.95,8213071,0.0,1.0
2020-07-13T00:00:00.000Z,169.4,170.42,169.16,170.29,11089698,169.4,170.42,169.16,170.29,11089698,0.0,1.0
2020-07-14T00:00:00.000Z,170.19,170.2,168.81,168.97,9803313,170.19,170.2,168.81,168.97,9803313,0.0,1.0
2020-07-15T00:00:00.000Z,170.34,170.43,169.39,169.62,8728537,170.34,170.43,169.39,169.62,8728537,0.0,1.0
2020-07-16T00:00:00.000Z,168.73,170.0,168.65,169.8,10283038,168.73,170.0,168.65,169.8,10283038,0.0,1.0
2020-07-17T00:00:00.000Z,170.12,170.27,169.61,169.94,10291745,170.12,170.27,169.61,169.94,10291745,0.0,1.0
2020-07-20T00:00:00.000Z,170.94,171.07,170.27,170.76,10017165,170.94,171.07,170.27,170.76,10017165,0.0,1.0
2020-07-21T00:00:00.000Z,173.0,173.25,172.31,172.53,12824492,173.0,173.25,172.31,172.53,12824492,0.0,1.0
2020-07-22T00:00:00.000Z,175.63,175.77,173.76,174.05,18712467,175.63,175.77,173.76,174.05,18712467,0.0,1.0
2020-07-23T00:00:00.000Z,177.18,178.41,175.65,176.17,23006824,177.18,178.41,175.65,176.17,23006824,0.0,1.0
2020-07-24T00:00:00.000Z,178.7,179.16,178.2,179.14,15601327,178.7,179.16,178.2,179.14,15601327,0.0,1.0
2020-07-27T00:00:00.000Z,182.23,182.83,181.53,181.85,21115604,182.23,182.83,181.53,181.85,21115604,0.0,1.0
2020-07-28T00:00:00.000Z,183.75,184.26,181.42,182.02,21164633,183.75,184.26,181.42,182.02,21164633,0.0,1.0
2020-07-29T00:00:00.000Z,185.13,186.14,182.39,184.0089,25640100,185.13,186.14,182.39,184.0089,25640100,0.0,1.0
2020-07-30T00:00:00.000Z,183.76,184.33,182.13,183.44,18061227,183.76,184.33,182.13,183.44,18061227,0.0,1.0
2020-07-31T00:00:00.000Z,185.43,185.7501,184.165,184.51,15885010,185.43,185.7501,184.165,184.51,15885010,0.0,1.0
2020-08-03T00:00:00.000Z,185.64,185.82,184.2,185.05,12896999,185.64,185.82,184.2,185.05,12896999,0.0,1.0
2020-08-04T00:00:00.000Z,189.59,189.6,185.21,185.61,20773210,189.59,189.6,185.21,185.61,20773210,0.0,1.0
2020-08-05T00:00:00.000Z,191.35,193.13,190.62,191.65,27193718,191.35,193.13,190.62,191.65,27193718,0.0,1.0
2020-08-06T00:00:00.000Z,193.89,194.4499,192.5207,193.74,20640119,193.89,194.4499,192.5207,193.74,20640119,0.0,1.0
2020-08-07T00:00:00.000Z,190.81,192.96,189.33,192.705,24570160,190.81,192.96,189.33,192.705,24570160,0.0,1.0
2020-08-10T00:00:00.000Z,190.15,192.61,189.66,191.2,19047223,190.15,192.61,189.66,191.2,19047223,0.0,1.0
2020-08-11T00:00:00.000Z,179.94,183.98,179.43,183.57,45354997,179.94,183.98,179.43,183.57,45354997,0.0,1.0
2020-08-12T00:00:00.000Z,179.1,183.1,179.04,182.61,28779419,179.1,183.1,179.04,182.61,28779419,0.0,1.0
2020-08-13T00:00:00.000Z,183.33,184.7,181.36,181.56,18596773,183.33,184.7,181.36,181.56,18596773,0.0,1.0
2020-08-14T00:00:00.000Z,182.54,183.72,181.49,183.44,11791981,182.54,183.72,181.49,183.44,11791981,0.0,1.0
2020-08-17T00:00:00.000Z,186.5,187.01,184.66,184.69,15340780,186.5,187.01,184.66,184.69,15340780,0.0,1.0
2020-08-18T00:00:00.000Z,188.18,189.4,185.63,189.18,16291627,188.18,189.4,185.63,189.18,16291627,0.0,1.0
2020-08-19T00:00:00.000Z,182.24,187.46,181.71,187.21,24646942,182.24,187.46,181.71,187.21,24646942,0.0,1.0
2020-08-20T00:00:00.000Z,183.5,183.71,180.93,181.19,16692201,183.5,183.71,180.93,181.19,16692201,0.0,1.0
2020-08-21T00:00:00.000Z,182.03,182.81,180.47,182.14,12713741,182.03,182.81,180.47,182.14,12713741,0.0,1.0
2020-08-24T00:00:00.000Z,181.0,182.925,180.685,182.91,11605788,181.0,182.925,180.685,182.91,11605788,0.0,1.0
2020-08-25T00:00:00.000Z,181.22,181.25,179.731,181.06,10056066,181.22,181.25,179.731,181.06,10056066,0.0,1.0
2020-08-26T00:00:00.000Z,183.36,183.58,180.2,180.26,12715762,183.36,183.58,180.2,180.26,12715762,0.0,1.0
2020-08-27T00:00:00.000Z,181.24,185.17,179.37,185.0,16299207,181.24,185.17,179.37,185.0,16299207,0.0,1.0
2020-08-28T00:00:00.000Z,184.39,185.4,183.4046,183.98,13200826,184.39,185.4,183.4046,183.98,13200826,0.0,1.0
2020-08-31T00:00:00.000Z,184.83,185.53,184.28,184.79,10251152,184.83,185.53,184.28,184.79,10251152,0.0,1.0
2020-09-01T00:00:00.000Z,185.05,186.99,184.33,186.99,10689058,185.05,186.99,184.33,186.99,10689058,0.0,1.0
2020-09-02T00:00:00.000Z,182.62,183.86,181.5,183.75,11536946,182.62,183.86,181.5,183.75,11536946,0.0,1.0
2020-09-03T00:00:00.000Z,181.14,182.82,180.49,182.3,12176904,181.14,182.82,180.49,182.3,12176904,0.0,1.0
2020-09-04T00:00:00.000Z,181.64,182.1,180.05,180.95,11567864,181.64,182.1,180.05,180.95,11567864,0.0,1.0
2020-09-08T00:00:00.000Z,181.29,182.27,179.02,179.5,13229196,181.29,182.27,179.02,179.5,13229196,0.0,1.0
2020-09-09T00:00:00.000Z,183.05,183.22,182.19,182.5,8424118,183.05,183.22,182.19,182.5,8424118,0.0,1.0
2020-09-10T00:00:00.000Z,182.46,184.68,182.28,184.23,9143612,182.46,184.68,182.28,184.23,9143612,0.0,1.0
2020-09-11T00:00:00.000Z,182.45,183.5499,182.005,183.14,7662287,182.45,183.5499,182.005,183.14,7662287,0.0,1.0
2020-09-14T00:00:00.000Z,183.89,184.3,183.39,183.57,9709501,183.89,184.3,183.39,183.57,9709501,0.0,1.0
2020-09-15T00:00:00.000Z,183.45,184.67,182.92,184.46,7993693,183.45,184.67,182.92,184.46,7993693,0.0,1.0
2020-09-16T00:00:00.000Z,183.97,185.01,183.33,184.98,12717630,183.97,185.01,183.33,184.98,12717630,0.0,1.0
2020-09-17T00:00:00.000Z,182.96,183.09,181.48,181.92,8836188,182.96,183.09,181.48,181.92,8836188,0.0,1.0
2020-09-18T00:00:00.000Z,183.2,184.09,182.64,183.07,9959667,183.2,184.09,182.64,183.07,9959667,0.0,1.0
2020-09-21T00:00:00.000Z,179.52,180.29,176.75,179.84,17436121,179.52,180.29,176.75,179.84,17436121,0.0,1.0
2020-09-22T00:00:00.000Z,178.65,180.02,178.11,179.63,7977916,178.65,180.02,178.11,179.63,7977916,0.0,1.0
2020-09-23T00:00:00.000Z,174.79,177.26,174.1,176.98,18134030,174.79,177.26,174.1,176.98,18134030,0.0,1.0
2020-09-24T00:00:00.000Z,175.44,176.235,173.77,174.36,11759192,175.44,176.235,173.77,174.36,11759192,0.0,1.0
2020-09-25T00:00:00.000Z,174.94,175.3,173.89,174.41,6779192,174.94,175.3,173.89,174.41,6779192,0.0,1.0
2020-09-28T00:00:00.000Z,176.7,176.805,175.09,175.83,7109746,176.7,176.805,175.09,175.83,7109746,0.0,1.0
2020-09-29T00:00:00.000Z,178.19,178.33,176.95,177.19,8762004,178.19,178.33,176.95,177.19,8762004,0.0,1.0
2020-09-30T00:00:00.000Z,177.12,178.61,176.66,177.71,8371844,177.12,178.61,176.66,177.71,8371844,0.0,1.0
2020-10-01T00:00:00.000Z,178.7,179.5,178.0375,178.71,10402833,178.7,179.5,178.0375,178.71,10402833,0.0,1.0
2020-10-02T00:00:00.000Z,178.54,179.29,178.16,178.69,7488503,178.54,179.29,178.16,178.69,7488503,0.0,1.0
2020-10-05T00:00:00.000Z,179.41,180.14,178.9,179.02,6969605,179.41,180.14,178.9,179.02,6969605,0.0,1.0
2020-10-06T00:00:00.000Z,177.3,180.37,177.0513,180.16,8632761,177.3,180.37,177.0513,180.16,8632761,0.0,1.0
2020-10-07T00:00:00.000Z,177.22,177.42,176.43,177.09,6410899,177.22,177.42,176.43,177.09,6410899,0.0,1.0
2020-10-08T00:00:00.000Z,177.85,178.45,176.67,178.18,6530845,177.85,178.45,176.67,178.18,6530845,0.0,1.0
2020-10-09T00:00:00.000Z,181.08,181.17,179.93,180.13,15979775,181.08,181.17,179.93,180.13,15979775,0.0,1.0
2020-10-12T00:00:00.000Z,180.56,180.83,180.19,180.57,4842997,180.56,180.83,180.19,180.57,4842997,0.0,1.0
2020-10-13T00:00:00.000Z,177.72,178.6,177.1,178.5633,8384295,177.72,178.6,177.1,178.5633,8384295,0.0,1.0
2020-10-14T00:00:00.000Z,178.27,179.59,178.27,179.09,9100896,178.27,179.59,178.27,179.09,9100896,0.0,1.0
2020-10-15T00:00:00.000Z,178.92,179.15,177.59,177.71,6821291,178.92,179.15,177.59,177.71,6821291,0.0,1.0
2020-10-16T00:00:00.000Z,178.3,179.32,178.13,179.22,7262158,178.3,179.32,178.13,179.22,7262158,0.0,1.0
2020-10-19T00:00:00.000Z,178.39,179.475,178.37,179.41,6084398,178.39,179.475,178.37,179.41,6084398,0.0,1.0
2020-10-20T00:00:00.000Z,179.25,179.67,178.08,178.54,7124678,179.25,179.67,178.08,178.54,7124678,0.0,1.0
2020-10-21T00:00:00.000Z,180.6,181.31,180.23,180.47,7548086,180.6,181.31,180.23,180.47,7548086,0.0,1.0
2020-10-22T00:00:00.000Z,178.83,179.027,177.72,178.8767,8376974,178.83,179.027,177.72,178.8767,8376974,0.0,1.0
2020-10-23T00:00:00.000Z,178.64,179.2,177.76,179.09,5919276,178.64,179.2,177.76,179.09,5919276,0.0,1.0
2020-10-26T00:00:00.000Z,178.55,179.14,178.22,178.75,5105103,178.55,179.14,178.22,178.75,5105103,0.0,1.0
2020-10-27T00:00:00.000Z,179.02,179.43,178.51,178.71,5826871,179.02,179.43,178.51,178.71,5826871,0.0,1.0
2020-10-28T00:00:00.000Z,176.13,176.85,175.44,176.45,11734083,176.13,176.85,175.44,176.45,11734083,0.0,1.0
2020-10-29T00:00:00.000Z,175.4,176.14,174.83,175.02,8474453,175.4,176.14,174.83,175.02,8474453,0.0,1.0
2020-10-30T00:00:00.000Z,176.2,177.36,175.95,177.18,7304589,176.2,177.36,175.95,177.18,7304589,0.0,1.0
2020-11-02T00:00:00.000Z,177.91,177.925,177.1301,177.4499,6498368,177.91,177.925,177.1301,177.4499,6498368,0.0,1.0
2020-11-03T00:00:00.000Z,178.92,179.39,178.3,178.95,7577196,178.92,179.39,178.3,178.95,7577196,0.0,1.0
2020-11-04T00:00:00.000Z,178.82,179.19,177.66,178.93,11117259,178.82,179.19,177.66,178.93,11117259,0.0,1.0
2020-11-05T00:00:00.000Z,182.93,183.285,180.97,181.0,16102775,182.93,183.285,180.97,181.0,16102775,0.0,1.0
2020-11-06T00:00:00.000Z,183.19,183.53,182.19,183.4,10378266,183.19,183.53,182.19,183.4,10378266,0.0,1.0
2020-11-09T00:00:00.000Z,175.08,176.45,173.64,176.42,29800706,175.08,176.45,173.64,176.42,29800706,0.0,1.0
2020-11-10T00:00:00.000Z,175.66,176.91,175.66,176.75,11728459,175.66,176.91,175.66,176.75,11728459,0.0,1.0
2020-11-11T00:00:00.000Z,174.9,175.28,174.435,174.695,9008471,174.9,175.28,174.435,174.695,9008471,0.0,1.0
2020-11-12T00:00:00.000Z,175.96,176.765,175.84,176.04,7182263,175.96,176.765,175.84,176.04,7182263,0.0,1.0
2020-11-13T00:00:00.000Z,177.16,177.8,176.84,177.65,6470910,177.16,177.8,176.84,177.65,6470910,0.0,1.0
2020-11-16T00:00:00.000Z,177.15,177.91,176.87,177.23,8358474,177.15,177.91,176.87,177.23,8358474,0.0,1.0
2020-11-17T00:00:00.000Z,176.5,177.44,176.0903,177.25,8229142,176.5,177.44,176.0903,177.25,8229142,0.0,1.0
2020-11-18T00:00:00.000Z,175.49,176.86,175.35,176.26,7384661,175.49,176.86,175.35,176.26,7384661,0.0,1.0
2020-11-19T00:00:00.000Z,175.16,175.22,174.17,174.3,6965056,175.16,175.22,174.17,174.3,6965056,0.0,1.0
2020-11-20T00:00:00.000Z,175.69,176.38,175.58,176.12,6380936,175.69,176.38,175.58,176.12,6380936,0.0,1.0
2020-11-23T00:00:00.000Z,172.23,175.24,171.78,175.1,15510552,172.23,175.24,171.78,175.1,15510552,0.0,1.0
2020-11-24T00:00:00.000Z,169.59,169.69,168.86,169.3,18823230,169.59,169.69,168.86,169.3,18823230,0.0,1.0
2020-11-25T00:00:00.000Z,169.51,170.52,169.24,169.975,10286575,169.51,170.52,169.24,169.975,10286575,0.0,1.0
2020-11-27T00:00:00.000Z,167.79,167.8298,166.78,166.9,10569141,167.79,167.8298,166.78,166.9,10569141,0.0,1.0
2020-11-30T00:00:00.000Z,166.67,167.43,166.03,166.68,13209977,166.67,167.43,166.03,166.68,13209977,0.0,1.0
2020-12-01T00:00:00.000Z,170.18,170.48,169.3,169.76,13457085,170.18,170.48,169.3,169.76,13457085,0.0,1.0
2020-12-02T00:00:00.000Z,171.46,171.76,170.15,170.57,9199741,171.46,171.76,170.15,170.57,9199741,0.0,1.0
2020-12-03T00:00:00.000Z,172.81,172.85,171.08,172.64,10457274,172.81,172.85,171.08,172.64,10457274,0.0,1.0
2020-12-04T00:00:00.000Z,172.32,173.32,171.59,172.78,10098639,172.32,173.32,171.59,172.78,10098639,0.0,1.0
2020-12-07T00:00:00.000Z,174.89,175.29,172.51,172.56,10555101,174.89,175.29,172.51,172.56,10555101,0.0,1.0
2020-12-08T00:00:00.000Z,175.5,175.93,174.72,175.51,6348418,175.5,175.93,174.72,175.51,6348418,0.0,1.0
2020-12-09T00:00:00.000Z,172.5,174.0399,171.24,173.92,10743185,172.5,174.0399,171.24,173.92,10743185,0.0,1.0
2020-12-10T00:00:00.000Z,172.17,173.58,171.7,172.9,6564030,172.17,173.58,171.7,172.9,6564030,0.0,1.0
2020-12-11T00:00:00.000Z,172.49,173.32,172.11,172.25,6084848,172.49,173.32,172.11,172.25,6084848,0.0,1.0
2020-12-14T00:00:00.000Z,171.54,172.52,170.91,171.91,7644419,171.54,172.52,170.91,171.91,7644419,0.0,1.0
2020-12-15T00:00:00.000Z,173.94,173.9799,173.055,173.43,6848629,173.94,173.9799,173.055,173.43,6848629,0.0,1.0
2020-12-16T00:00:00.000Z,174.9,175.015,173.02,174.13,8174737,174.9,175.015,173.02,174.13,8174737,0.0,1.0
2020-12-17T00:00:00.000Z,176.74,177.87,176.575,177.15,9475790,176.74,177.87,176.575,177.15,9475790,0.0,1.0
2020-12-18T00:00:00.000Z,176.44,176.98,176.1,176.65,6789888,176.44,176.98,176.1,176.65,6789888,0.0,1.0
2020-12-21T00:00:00.000Z,175.88,176.94,175.76,176.29,8168924,175.88,176.94,175.76,176.29,8168924,0.0,1.0
2020-12-22T00:00:00.000Z,174.49,176.34,174.34,176.2,9447403,174.49,176.34,174.34,176.2,9447403,0.0,1.0
2020-12-23T00:00:00.000Z,175.65,176.21,175.06,175.1,6542767,175.65,176.21,175.06,175.1,6542767,0.0,1.0
2020-12-24T00:00:00.000Z,176.35,176.37,175.5145,175.55,3695443,176.35,176.37,175.5145,175.55,3695443,0.0,1.0
2020-12-28T00:00:00.000Z,175.71,177.91,175.625,177.26,7750613,175.71,177.91,175.625,177.26,7750613,0.0,1.0
2020-12-29T00:00:00.000Z,176.35,176.97,175.57,176.25,5983741,176.35,176.97,175.57,176.25,5983741,0.0,1.0
2020-12-30T00:00:00.000Z,177.7,177.72,176.44,176.44,5914039,177.7,177.72,176.44,176.44,5914039,0.0,1.0
2020-12-31T00:00:00.000Z,178.36,178.4,177.32,178.07,7540757,178.36,178.4,177.32,178.07,7540757,0.0,1.0
2021-01-04T00:00:00.000Z,182.33,182.4,180.955,181.97,14331436,182.33,182.4,180.955,181.97,14331436,0.0,1.0
2021-01-05T00:00:00.000Z,182.87,183.21,181.8239,182.87,12718753,182.87,183.21,181.8239,182.87,12718753,0.0,1.0
2021-01-06T00:00:00.000Z,179.9,181.58,178.24,181.49,18453495,179.9,181.58,178.24,181.49,18453495,0.0,1.0
2021-01-07T00:00:00.000Z,179.48,179.92,178.84,179.69,7110214,179.48,179.92,178.84,179.69,7110214,0.0,1.0
2021-01-08T00:00:00.000Z,173.34,176.9899,171.48,176.83,24399895,173.34,176.9899,171.48,176.83,24399895,0.0,1.0
2021-01-11T00:00:00.000Z,173.0,173.68,172.03,172.14,8579195,173.0,173.68,172.03,172.14,8579195,0.0,1.0
2021-01-12T00:00:00.000Z,174.12,174.18,172.32,173.13,9699545,174.12,174.18,172.32,173.13,9699545,0.0,1.0
2021-01-13T00:00:00.000Z,173.37,174.46,173.05,173.68,14110299,173.37,174.46,173.05,173.68,14110299,0.0,1.0
2021-01-14T00:00:00.000Z,173.28,174.22,172.655,173.44,13522670,173.28,174.22,172.655,173.44,13522670,0.0,1.0
2021-01-15T00:00:00.000Z,171.13,173.07,170.975,172.8437,16172494,171.13,173.07,170.975,172.8437,16172494,0.0,1.0
2021-01-19T00:00:00.000Z,172.58,172.85,171.92,172.71,7485700,172.58,172.85,171.92,172.71,7485700,0.0,1.0
2021-01-20T00:00:00.000Z,175.39,175.467,173.82,174.37,9456038,175.39,175.467,173.82,174.37,9456038,0.0,1.0
2021-01-21T00:00:00.000Z,175.28,175.51,174.51,175.11,7250164,175.28,175.51,174.51,175.11,7250164,0.0,1.0
2021-01-22T00:00:00.000Z,173.9,174.29,172.35,172.89,7269592,173.9,174.29,172.35,172.89,7269592,0.0,1.0
2021-01-25T00:00:00.000Z,174.05,174.96,173.19,174.8199,5936770,174.05,174.96,173.19,174.8199,5936770,0.0,1.0
2021-01-26T00:00:00.000Z,173.62,174.26,173.4202,173.98,4685568,173.62,174.26,173.4202,173.98,4685568,0.0,1.0
2021-01-27T00:00:00.000Z,172.52,173.52,171.66,172.93,9036528,172.52,173.52,171.66,172.93,9036528,0.0,1.0
2021-01-28T00:00:00.000Z,172.68,174.73,172.04,174.28,9392363,172.68,174.73,172.04,174.28,9392363,0.0,1.0
2021-01-29T00:00:00.000Z,172.61,175.1633,172.61,174.87,11252816,172.61,175.1633,172.61,174.87,11252816,0.0,1.0
2021-02-01T00:00:00.000Z,174.23,175.26,174.06,175.02,9079082,174.23,175.26,174.06,175.02,9079082,0.0,1.0
2021-02-02T00:00:00.000Z,172.11,172.53,171.51,172.49,7163267,172.11,172.53,171.51,172.49,7163267,0.0,1.0
2021-02-03T00:00:00.000Z,171.85,172.5901,171.5,172.36,4658060,171.85,172.5901,171.5,172.36,4658060,0.0,1.0
2021-02-04T00:00:00.000Z,168.15,168.395,167.34,168.29,13736624,168.15,168.395,167.34,168.29,13736624,0.0,1.0
2021-02-05T00:00:00.000Z,169.81,170.18,168.67,168.99,6538458,169.81,170.18,168.67,168.99,6538458,0.0,1.0
2021-02-08T00:00:00.000Z,171.52,172.4,171.49,171.9799,6887535,171.52,172.4,171.49,171.9799,6887535,0.0,1.0
2021-02-09T00:00:00.000Z,172.08,173.03,171.75,172.57,5020659,172.08,173.03,171.75,172.57,5020659,0.0,1.0
2021-02-10T00:00:00.000Z,172.71,173.22,172.01,173.15,6064966,172.71,173.22,172.01,173.15,6064966,0.0,1.0
2021-02-11T00:00:00.000Z,171.21,172.871,170.71,172.7,5994522,171.21,172.871,170.71,172.7,5994522,0.0,1.0
2021-02-12T00:00:00.000Z,170.69,171.65,169.88,170.29,6018930,170.69,171.65,169.88,170.29,6018930,0.0,1.0
2021-02-16T00:00:00.000Z,168.24,170.065,167.73,168.14,14761087,168.24,170.065,167.73,168.14,14761087,0.0,1.0
2021-02-17T00:00:00.000Z,166.33,167.34,165.85,166.92,11252788,166.33,167.34,165.85,166.92,11252788,0.0,1.0
2021-02-18T00:00:00.000Z,166.32,167.3,165.73,166.98,7498157,166.32,167.3,165.73,166.98,7498157,0.0,1.0
2021-02-19T00:00:00.000Z,167.01,167.94,166.6,166.76,8273502,167.01,167.94,166.6,166.76,8273502,0.0,1.0
2021-02-22T00:00:00.000Z,169.51,169.89,168.3,168.54,9981965,169.51,169.89,168.3,168.54,9981965,0.0,1.0
2021-02-23T00:00:00.000Z,169.12,169.74,168.28,169.48,8616789,169.12,169.74,168.28,169.48,8616789,0.0,1.0
2021-02-24T00:00:00.000Z,169.0,169.14,167.15,167.65,8890612,169.0,169.14,167.15,167.65,8890612,0.0,1.0
2021-02-25T00:00:00.000Z,165.82,167.66,165.45,166.92,16233818,165.82,167.66,165.45,166.92,16233818,0.0,1.0
2021-02-26T00:00:00.000Z,161.81,165.1,160.95,165.0,22706300,161.81,165.1,160.95,165.0,22706300,0.0,1.0
2021-03-01T00:00:00.000Z,161.53,163.35,161.16,163.03,13828347,161.53,163.35,161.16,163.03,13828347,0.0,1.0
2021-03-02T00:00:00.000Z,162.41,162.925,161.22,161.93,11424608,162.41,162.925,161.22,161.93,11424608,0.0,1.0
2021-03-03T00:00:00.000Z,160.62,161.69,159.485,160.61,13059936,160.62,161.69,159.485,160.61,13059936,0.0,1.0
2021-03-04T00:00:00.000Z,159.04,161.455,158.43,160.6,13870077,159.04,161.455,158.43,160.6,13870077,0.0,1.0
2021-03-05T00:00:00.000Z,159.14,159.82,158.55,159.66,12068139,159.14,159.82,158.55,159.66,12068139,0.0,1.0
2021-03-08T00:00:00.000Z,157.49,158.74,157.1297,158.58,12134854,157.49,158.74,157.1297,158.58,12134854,0.0,1.0
2021-03-09T00:00:00.000Z,160.84,161.2521,160.415,160.75,10382555,160.84,161.2521,160.415,160.75,10382555,0.0,1.0
2021-03-10T00:00:00.000Z,161.66,161.78,160.66,161.06,7962003,161.66,161.78,160.66,161.06,7962003,0.0,1.0
2021-03-11T00:00:00.000Z,161.52,161.98,161.12,161.47,6749209,161.52,161.98,161.12,161.47,6749209,0.0,1.0
2021-03-12T00:00:00.000Z,161.49,161.69,159.35,159.54,8608514,161.49,161.69,159.35,159.54,8608514,0.0,1.0
2021-03-15T00:00:00.000Z,162.2,162.55,161.43,162.305,8110140,162.2,162.55,161.43,162.305,8110140,0.0,1.0
2021-03-16T00:00:00.000Z,162.35,163.2,161.81,162.36,7547417,162.35,163.2,161.81,162.36,7547417,0.0,1.0
2021-03-17T00:00:00.000Z,163.51,164.15,161.48,162.268,12626689,163.51,164.15,161.48,162.268,12626689,0.0,1.0
2021-03-18T00:00:00.000Z,162.56,162.82,161.11,161.15,8731762,162.56,162.82,161.11,161.15,8731762,0.0,1.0
2021-03-19T00:00:00.000Z,163.24,163.43,162.4299,162.56,6868892,163.24,163.43,162.4299,162.56,6868892,0.0,1.0
2021-03-22T00:00:00.000Z,163.0,163.13,162.16,162.27,5239970,163.0,163.13,162.16,162.27,5239970,0.0,1.0
2021-03-23T00:00:00.000Z,161.81,162.49,161.592,162.45,6048301,161.81,162.49,161.592,162.45,6048301,0.0,1.0
2021-03-24T00:00:00.000Z,162.37,162.89,161.94,162.21,6183666,162.37,162.89,161.94,162.21,6183666,0.0,1.0
2021-03-25T00:00:00.000Z,161.78,163.5799,161.32,163.0599,8398596,161.78,163.5799,161.32,163.0599,8398596,0.0,1.0
2021-03-26T00:00:00.000Z,162.24,162.73,161.6499,161.71,6153894,162.24,162.73,161.6499,161.71,6153894,0.0,1.0
2021-03-29T00:00:00.000Z,160.31,161.52,159.83,161.46,8409316,160.31,161.52,159.83,161.46,8409316,0.0,1.0
2021-03-30T00:00:00.000Z,157.57,158.2,157.55,157.94,8353246,157.57,158.2,157.55,157.94,8353246,0.0,1.0
2021-03-31T00:00:00.000Z,159.96,160.68,158.05,158.06,10623771,159.96,160.68,158.05,158.06,10623771,0.0,1.0
2021-04-01T00:00:00.000Z,161.98,162.11,161.28,161.56,7105228,161.98,162.11,161.28,161.56,7105228,0.0,1.0
2021-04-05T00:00:00.000Z,161.92,162.4047,161.36,161.52,6163799,161.92,162.4047,161.36,161.52,6163799,0.0,1.0
2021-04-06T00:00:00.000Z,163.22,163.53,162.75,162.79,6761166,163.22,163.53,162.75,162.79,6761166,0.0,1.0
2021-04-07T00:00:00.000Z,162.76,163.31,162.5,162.82,5436014,162.76,163.31,162.5,162.82,5436014,0.0,1.0
2021-04-08T00:00:00.000Z,164.51,164.77,164.14,164.1679,6574524,164.51,164.77,164.14,164.1679,6574524,0.0,1.0
2021-04-09T00:00:00.000Z,163.27,163.66,162.48,162.75,6657898,163.27,163.66,162.48,162.75,6657898,0.0,1.0
2021-04-12T00:00:00.000Z,162.28,162.8,161.81,162.73,4896669,162.28,162.8,161.81,162.73,4896669,0.0,1.0
2021-04-13T00:00:00.000Z,163.43,163.85,163.03,163.18,6995903,163.43,163.85,163.03,163.18,6995903,0.0,1.0
2021-04-14T00:00:00.000Z,162.72,163.05,162.3,162.77,6312296,162.72,163.05,162.3,162.77,6312296,0.0,1.0
2021-04-15T00:00:00.000Z,165.35,165.79,164.03,164.07,8250646,165.35,165.79,164.03,164.07,8250646,0.0,1.0
2021-04-16T00:00:00.000Z,166.35,166.811,165.94,166.24,10057602,166.35,166.811,165.94,166.24,10057602,0.0,1.0
2021-04-19T00:00:00.000Z,165.89,166.44,165.72,165.91,5721727,165.89,166.44,165.72,165.91,5721727,0.0,1.0
2021-04-20T00:00:00.000Z,166.48,166.81,165.62,165.65,6531979,166.48,166.81,165.62,165.65,6531979,0.0,1.0
2021-04-21T00:00:00.000Z,168.13,168.39,167.15,167.18,8380178,168.13,168.39,167.15,167.18,8380178,0.0,1.0
2021-04-22T00:00:00.000Z,167.04,167.53,166.4901,167.11,7680140,167.04,167.53,166.4901,167.11,7680140,0.0,1.0
2021-04-23T00:00:00.000Z,166.4,167.53,165.78,167.37,7107484,166.4,167.53,165.78,167.37,7107484,0.0,1.0
2021-04-26T00:00:00.000Z,166.84,166.865,166.05,166.63,4786613,166.84,166.865,166.05,166.63,4786613,0.0,1.0
2021-04-27T00:00:00.000Z,166.42,167.15,166.28,166.92,5363499,166.42,167.15,166.28,166.92,5363499,0.0,1.0
2021-04-28T00:00:00.000Z,166.91,166.96,165.49,165.75,6932217,166.91,166.96,165.49,165.75,6932217,0.0,1.0
2021-04-29T00:00:00.000Z,166.22,166.26,164.47,165.58,9067627,166.22,166.26,164.47,165.58,9067627,0.0,1.0
2021-04-30T00:00:00.000Z,165.66,166.0,165.24,165.86,6248711,165.66,166.0,165.24,165.86,6248711,0.0,1.0
2021-05-03T00:00:00.000Z,167.81,168.43,167.41,167.61,9014708,167.81,168.43,167.41,167.61,9014708,0.0,1.0
2021-05-04T00:00:00.000Z,166.58,168.55,165.5,167.69,10267411,166.58,168.55,165.5,167.69,10267411,0.0,1.0
2021-05-05T00:00:00.000Z,167.27,167.31,166.61,166.63,5950000,167.27,167.31,166.61,166.63,5950000,0.0,1.0
2021-05-06T00:00:00.000Z,170.06,170.29,167.92,167.95,13574072,170.06,170.29,167.92,167.95,13574072,0.0,1.0
2021-05-07T00:00:00.000Z,171.59,172.5501,171.0,171.53,14748628,171.59,172.5501,171.0,171.53,14748628,0.0,1.0
2021-05-10T00:00:00.000Z,172.11,172.84,171.78,172.74,8276584,172.11,172.84,171.78,172.74,8276584,0.0,1.0
2021-05-11T00:00:00.000Z,172.14,172.17,170.27,170.5582,8348213,172.14,172.17,170.27,170.5582,8348213,0.0,1.0
2021-05-12T00:00:00.000Z,170.43,171.835,170.345,171.4321,12666262,170.43,171.835,170.345,171.4321,12666262,0.0,1.0
2021-05-13T00:00:00.000Z,171.13,171.27,170.225,170.35,8078266,171.13,171.27,170.225,170.35,8078266,0.0,1.0
2021-05-14T00:00:00.000Z,172.69,172.7,171.82,172.05,9686777,172.69,172.7,171.82,172.05,9686777,0.0,1.0
2021-05-17T00:00:00.000Z,174.7,175.0,173.28,173.3,11956831,174.7,175.0,173.28,173.3,11956831,0.0,1.0
2021-05-18T00:00:00.000Z,175.04,175.21,174.46,175.18,7294010,175.04,175.21,174.46,175.18,7294010,0.0,1.0
2021-05-19T00:00:00.000Z,175.16,177.0,174.345,175.14,20741106,175.16,177.0,174.345,175.14,20741106,0.0,1.0
2021-05-20T00:00:00.000Z,175.96,176.46,175.11,175.32,9802799,175.96,176.46,175.11,175.32,9802799,0.0,1.0
2021-05-21T00:00:00.000Z,176.04,176.8602,175.145,176.58,7677190,176.04,176.8602,175.145,176.58,7677190,0.0,1.0
2021-05-24T00:00:00.000Z,176.35,176.59,175.87,176.15,5557339,176.35,176.59,175.87,176.15,5557339,0.0,1.0
2021-05-25T00:00:00.000Z,177.95,177.95,176.04,176.15,8986945,177.95,177.95,176.04,176.15,8986945,0.0,1.0
2021-05-26T00:00:00.000Z,177.64,178.61,177.04,178.368,8495383,177.64,178.61,177.04,178.368,8495383,0.0,1.0
2021-05-27T00:00:00.000Z,177.71,177.82,176.81,177.39,7992951,177.71,177.82,176.81,177.39,7992951,0.0,1.0
2021-05-28T00:00:00.000Z,178.38,178.43,177.2411,177.46,9968324,178.38,178.43,177.2411,177.46,9968324,0.0,1.0
2021-06-01T00:00:00.000Z,177.9,178.85,177.19,178.76,9143250,177.9,178.85,177.19,178.76,9143250,0.0,1.0
2021-06-02T00:00:00.000Z,178.77,178.78,177.97,178.34,6613106,178.77,178.78,177.97,178.34,6613106,0.0,1.0
2021-06-03T00:00:00.000Z,175.27,175.83,174.66,175.83,10153899,175.27,175.83,174.66,175.83,10153899,0.0,1.0
2021-06-04T00:00:00.000Z,177.16,177.57,176.61,176.65,8375264,177.16,177.57,176.61,176.65,8375264,0.0,1.0
2021-06-07T00:00:00.000Z,177.87,177.9,176.63,176.96,7709094,177.87,177.9,176.63,176.96,7709094,0.0,1.0
2021-06-08T00:00:00.000Z,177.32,177.54,176.37,177.23,5905832,177.32,177.54,176.37,177.23,5905832,0.0,1.0
2021-06-09T00:00:00.000Z,176.98,177.8,176.78,177.38,6346094,176.98,177.8,176.78,177.38,6346094,0.0,1.0
2021-06-10T00:00:00.000Z,177.74,177.85,176.48,176.7,9896612,177.74,177.85,176.48,176.7,9896612,0.0,1.0
2021-06-11T00:00:00.000Z,175.74,176.57,175.48,176.33,7836860,175.74,176.57,175.48,176.33,7836860,0.0,1.0
2021-06-14T00:00:00.000Z,174.71,175.06,172.95,173.16,7733645,174.71,175.06,172.95,173.16,7733645,0.0,1.0
2021-06-15T00:00:00.000Z,174.05,174.915,173.34,174.78,7550154,174.05,174.915,173.34,174.78,7550154,0.0,1.0
2021-06-16T00:00:00.000Z,171.11,174.465,171.03,173.91,16039864,171.11,174.465,171.03,173.91,16039864,0.0,1.0
2021-06-17T00:00:00.000Z,165.85,167.615,165.44,167.02,27232236,165.85,167.615,165.44,167.02,27232236,0.0,1.0
2021-06-18T00:00:00.000Z,164.93,166.72,164.87,166.14,15744310,164.93,166.72,164.87,166.14,15744310,0.0,1.0
2021-06-21T00:00:00.000Z,166.95,167.2218,166.0,166.52,8370991,166.95,167.2218,166.0,166.52,8370991,0.0,1.0
2021-06-22T00:00:00.000Z,166.25,166.915,166.01,166.35,7223919,166.25,166.915,166.01,166.35,7223919,0.0,1.0
2021-06-23T00:00:00.000Z,166.14,168.03,165.97,166.97,8474276,166.14,168.03,165.97,166.97,8474276,0.0,1.0
2021-06-24T00:00:00.000Z,166.04,167.23,166.01,167.0,6903352,166.04,167.23,166.01,167.0,6903352,0.0,1.0
2021-06-25T00:00:00.000Z,166.59,167.525,166.29,167.45,7473679,166.59,167.525,166.29,167.45,7473679,0.0,1.0
2021-06-28T00:00:00.000Z,166.58,166.91,166.3575,166.68,6508902,166.58,166.91,166.3575,166.68,6508902,0.0,1.0
2021-06-29T00:00:00.000Z,164.83,165.2782,164.01,164.34,7451415,164.83,165.2782,164.01,164.34,7451415,0.0,1.0
2021-06-30T00:00:00.000Z,165.63,166.1,164.29,164.57,7955839,165.63,166.1,164.29,164.57,7955839,0.0,1.0
2021-07-01T00:00:00.000Z,166.2,166.88,165.5,166.65,7430497,166.2,166.88,165.5,166.65,7430497,0.0,1.0
2021-07-02T00:00:00.000Z,167.29,167.715,166.4,167.35,7873574,167.29,167.715,166.4,167.35,7873574,0.0,1.0
2021-07-06T00:00:00.000Z,168.12,169.65,167.54,169.27,7932050,168.12,169.65,167.54,169.27,7932050,0.0,1.0
2021-07-07T00:00:00.000Z,168.76,169.23,168.19,168.72,7108909,168.76,169.23,168.19,168.72,7108909,0.0,1.0
2021-07-08T00:00:00.000Z,168.65,169.855,167.91,169.82,7244275,168.65,169.855,167.91,169.82,7244275,0.0,1.0
2021-07-09T00:00:00.000Z,169.21,169.62,168.66,168.84,4997398,169.21,169.62,168.66,168.84,4997398,0.0,1.0
2021-07-12T00:00:00.000Z,169.0,169.16,167.64,168.7,7315422,169.0,169.16,167.64,168.7,7315422,0.0,1.0
2021-07-13T00:00:00.000Z,169.22,169.9,168.93,169.51,7040277,169.22,169.9,168.93,169.51,7040277,0.0,1.0
2021-07-14T00:00:00.000Z,171.04,171.04,170.28,170.91,8830335,171.04,171.04,170.28,170.91,8830335,0.0,1.0
2021-07-15T00:00:00.000Z,171.07,171.3,170.34,170.89,6520126,171.07,171.3,170.34,170.89,6520126,0.0,1.0
2021-07-16T00:00:00.000Z,169.41,170.95,169.28,170.65,9460348,169.41,170.95,169.28,170.65,9460348,0.0,1.0
2021-07-19T00:00:00.000Z,169.61,169.91,168.89,169.51,6707365,169.61,169.91,168.89,169.51,6707365,0.0,1.0
2021-07-20T00:00:00.000Z,169.39,170.8,168.92,170.51,6540058,169.39,170.8,168.92,170.51,6540058,0.0,1.0
2021-07-21T00:00:00.000Z,168.76,169.0,168.14,168.33,4622581,168.76,169.0,168.14,168.33,4622581,0.0,1.0
2021-07-22T00:00:00.000Z,169.09,169.191,168.06,168.49,4793605,169.09,169.191,168.06,168.49,4793605,0.0,1.0
2021-07-23T00:00:00.000Z,168.56,168.88,167.95,168.5,5831463,168.56,168.88,167.95,168.5,5831463,0.0,1.0
2021-07-26T00:00:00.000Z,168.16,168.86,168.08,168.58,5229817,168.16,168.86,168.08,168.58,5229817,0.0,1.0
2021-07-27T00:00:00.000Z,168.44,168.905,167.93,168.73,6300183,168.44,168.905,167.93,168.73,6300183,0.0,1.0
2021-07-28T00:00:00.000Z,169.29,169.38,167.72,168.26,7905846,169.29,169.38,167.72,168.26,7905846,0.0,1.0
2021-07-29T00:00:00.000Z,171.17,171.52,170.67,170.7,8092385,171.17,171.52,170.67,170.7,8092385,0.0,1.0
2021-07-30T00:00:00.000Z,169.82,170.99,169.38,170.72,7391706,169.82,170.99,169.38,170.72,7391706,0.0,1.0
2021-08-02T00:00:00.000Z,169.61,170.245,169.1,169.3,10783240,169.61,170.245,169.1,169.3,10783240,0.0,1.0
2021-08-03T00:00:00.000Z,169.49,169.83,169.21,169.42,5402340,169.49,169.83,169.21,169.42,5402340,0.0,1.0
2021-08-04T00:00:00.000Z,169.53,171.4,168.99,171.28,9796349,169.53,171.4,168.99,171.28,9796349,0.0,1.0
2021-08-05T00:00:00.000Z,168.86,169.4371,168.203,169.37,7893245,168.86,169.4371,168.203,169.37,7893245,0.0,1.0
2021-08-06T00:00:00.000Z,164.64,165.93,164.55,165.84,13547643,164.64,165.93,164.55,165.84,13547643,0.0,1.0
2021-08-09T00:00:00.000Z,161.72,163.295,161.26,163.01,11546973,161.72,163.295,161.26,163.01,11546973,0.0,1.0
2021-08-10T00:00:00.000Z,161.77,162.11,160.68,161.39,6870766,161.77,162.11,160.68,161.39,6870766,0.0,1.0
2021-08-11T00:00:00.000Z,164.0,164.17,162.68,163.15,7382417,164.0,164.17,162.68,163.15,7382417,0.0,1.0
2021-08-12T00:00:00.000Z,164.04,164.1,162.9335,163.65,5222080,164.04,164.1,162.9335,163.65,5222080,0.0,1.0
2021-08-13T00:00:00.000Z,166.39,166.46,164.89,165.02,7388246,166.39,166.46,164.89,165.02,7388246,0.0,1.0
2021-08-16T00:00:00.000Z,167.22,167.39,166.59,166.73,7781796,167.22,167.39,166.59,166.73,7781796,0.0,1.0
2021-08-17T00:00:00.000Z,166.97,167.73,166.56,167.29,7106992,166.97,167.73,166.56,167.29,7106992,0.0,1.0
2021-08-18T00:00:00.000Z,167.1,167.51,166.26,167.24,7697931,167.1,167.51,166.26,167.24,7697931,0.0,1.0
2021-08-19T00:00:00.000Z,166.61,167.29,166.16,167.24,6934268,166.61,167.29,166.16,167.24,6934268,0.0,1.0
2021-08-20T00:00:00.000Z,166.7,167.14,166.36,166.8,7154348,166.7,167.14,166.36,166.8,7154348,0.0,1.0
2021-08-23T00:00:00.000Z,168.73,168.91,167.96,168.82,8190548,168.73,168.91,167.96,168.82,8190548,0.0,1.0
2021-08-24T00:00:00.000Z,168.65,169.27,168.52,169.04,4519173,168.65,169.27,168.52,169.04,4519173,0.0,1.0
2021-08-25T00:00:00.000Z,167.48,167.92,166.74,167.88,5588751,167.48,167.92,166.74,167.88,5588751,0.0,1.0
2021-08-26T00:00:00.000Z,167.67,168.21,166.83,167.21,4371866,167.67,168.21,166.83,167.21,4371866,0.0,1.0
2021-08-27T00:00:00.000Z,170.19,170.19,166.87,167.58,10036431,170.19,170.19,166.87,167.58,10036431,0.0,1.0
2021-08-30T00:00:00.000Z,169.35,169.835,169.09,169.66,3768628,169.35,169.835,169.09,169.66,3768628,0.0,1.0
2021-08-31T00:00:00.000Z,169.69,169.92,168.75,169.23,6336002,169.69,169.92,168.75,169.23,6336002,0.0,1.0
2021-09-01T00:00:00.000Z,169.7,170.0,169.16,169.94,4764866,169.7,170.0,169.16,169.94,4764866,0.0,1.0
2021-09-02T00:00:00.000Z,169.25,169.63,168.82,169.5,4601128,169.25,169.63,168.82,169.5,4601128,0.0,1.0
2021-09-03T00:00:00.000Z,171.06,171.55,170.15,170.59,8353646,171.06,171.55,170.15,170.59,8353646,0.0,1.0
2021-09-07T00:00:00.000Z,167.71,169.78,167.63,169.56,10007697,167.71,169.78,167.63,169.56,10007697,0.0,1.0
2021-09-08T00:00:00.000Z,167.29,168.08,166.7,168.02,6575990,167.29,168.08,166.7,168.02,6575990,0.0,1.0
2021-09-09T00:00:00.000Z,168.03,168.28,166.83,168.17,6641424,168.03,168.28,166.83,168.17,6641424,0.0,1.0
2021-09-10T00:00:00.000Z,167.18,168.08,167.145,167.81,7426272,167.18,168.08,167.145,167.81,7426272,0.0,1.0
2021-09-13T00:00:00.000Z,167.74,168.22,167.395,167.45,5474323,167.74,168.22,167.395,167.45,5474323,0.0,1.0
2021-09-14T00:00:00.000Z,168.82,169.16,167.48,168.22,7922917,168.82,169.16,167.48,168.22,7922917,0.0,1.0
2021-09-15T00:00:00.000Z,167.83,168.36,167.45,168.1332,5624883,167.83,168.36,167.45,168.1332,5624883,0.0,1.0
2021-09-16T00:00:00.000Z,164.03,164.44,163.233,164.38,11780399,164.03,164.44,163.233,164.38,11780399,0.0,1.0
2021-09-17T00:00:00.000Z,163.77,164.32,163.4,163.86,8369679,163.77,164.32,163.4,163.86,8369679,0.0,1.0
2021-09-20T00:00:00.000Z,164.94,165.28,164.07,164.29,7566577,164.94,165.28,164.07,164.29,7566577,0.0,1.0
2021-09-21T00:00:00.000Z,166.04,166.63,165.49,165.81,7181458,166.04,166.63,165.49,165.81,7181458,0.0,1.0
2021-09-22T00:00:00.000Z,165.42,167.15,165.03,165.89,9777794,165.42,167.15,165.03,165.89,9777794,0.0,1.0
2021-09-23T00:00:00.000Z,163.51,164.2,163.27,164.1,8451899,163.51,164.2,163.27,164.1,8451899,0.0,1.0
2021-09-24T00:00:00.000Z,163.3,164.0,162.74,163.0,6937521,163.3,164.0,162.74,163.0,6937521,0.0,1.0
2021-09-27T00:00:00.000Z,163.64,164.3608,163.51,163.85,4942989,163.64,164.3608,163.51,163.85,4942989,0.0,1.0
2021-09-28T00:00:00.000Z,162.05,162.82,161.73,162.73,9282755,162.05,162.82,161.73,162.73,9282755,0.0,1.0
2021-09-29T00:00:00.000Z,161.32,162.74,160.97,162.35,8360656,161.32,162.74,160.97,162.35,8360656,0.0,1.0
2021-09-30T00:00:00.000Z,164.22,164.95,162.34,162.66,10574824,164.22,164.95,162.34,162.66,10574824,0.0,1.0
2021-10-01T00:00:00.000Z,164.59,164.96,163.885,164.27,6654686,164.59,164.96,163.885,164.27,6654686,0.0,1.0
2021-10-04T00:00:00.000Z,165.36,165.54,163.47,163.69,7651658,165.36,165.54,163.47,163.69,7651658,0.0,1.0
2021-10-05T00:00:00.000Z,164.59,164.85,163.49,163.94,5617283,164.59,164.85,163.49,163.94,5617283,0.0,1.0
2021-10-06T00:00:00.000Z,165.03,165.06,164.1531,164.23,6067156,165.03,165.06,164.1531,164.23,6067156,0.0,1.0
2021-10-07T00:00:00.000Z,164.16,164.8507,163.96,164.02,4791505,164.16,164.8507,163.96,164.02,4791505,0.0,1.0
2021-10-08T00:00:00.000Z,164.23,166.42,164.135,166.32,8536109,164.23,166.42,164.135,166.32,8536109,0.0,1.0
2021-10-11T00:00:00.000Z,163.92,164.58,163.91,164.04,3820087,163.92,164.58,163.91,164.04,3820087,0.0,1.0
2021-10-12T00:00:00.000Z,164.66,165.44,164.31,164.5701,5453049,164.66,165.44,164.31,164.5701,5453049,0.0,1.0
2021-10-13T00:00:00.000Z,167.59,167.92,165.28,165.28,11118291,167.59,167.92,165.28,165.28,11118291,0.0,1.0
2021-10-14T00:00:00.000Z,168.0,168.22,167.71,168.19,5083847,168.0,168.22,167.71,168.19,5083847,0.0,1.0
2021-10-15T00:00:00.000Z,165.33,166.09,165.1,165.39,8699223,165.33,166.09,165.1,165.39,8699223,0.0,1.0
2021-10-18T00:00:00.000Z,164.92,165.59,164.81,165.42,4029594,164.92,165.59,164.81,165.42,4029594,0.0,1.0
2021-10-19T00:00:00.000Z,165.45,166.5,165.2001,166.5,6588473,165.45,166.5,165.2001,166.5,6588473,0.0,1.0
2021-10-20T00:00:00.000Z,166.9,167.11,165.9258,166.21,5022036,166.9,167.11,165.9258,166.21,5022036,0.0,1.0
2021-10-21T00:00:00.000Z,166.75,166.94,166.24,166.7,4412389,166.75,166.94,166.24,166.7,4412389,0.0,1.0
2021-10-22T00:00:00.000Z,167.77,169.54,166.67,168.67,10703927,167.77,169.54,166.67,168.67,10703927,0.0,1.0
2021-10-25T00:00:00.000Z,168.93,169.21,168.53,168.66,4881346,168.93,169.21,168.53,168.66,4881346,0.0,1.0
2021-10-26T00:00:00.000Z,167.68,167.91,166.63,167.88,6658890,167.68,167.91,166.63,167.88,6658890,0.0,1.0
2021-10-27T00:00:00.000Z,168.12,168.2,166.86,167.73,5823080,168.12,168.2,166.86,167.73,5823080,0.0,1.0
2021-10-28T00:00:00.000Z,168.08,169.25,167.53,168.98,7000717,168.08,169.25,167.53,168.98,7000717,0.0,1.0
2021-10-29T00:00:00.000Z,166.65,166.73,165.64,166.29,7531872,166.65,166.73,165.64,166.29,7531872,0.0,1.0
2021-11-01T00:00:00.000Z,167.52,167.84,166.91,167.38,4963736,167.52,167.84,166.91,167.38,4963736,0.0,1.0
2021-11-02T00:00:00.000Z,167.16,167.63,166.963,167.43,3603983,167.16,167.63,166.963,167.43,3603983,0.0,1.0
2021-11-03T00:00:00.000Z,165.77,165.95,164.38,165.34,9055208,165.77,165.95,164.38,165.34,9055208,0.0,1.0
2021-11-04T00:00:00.000Z,167.65,168.14,167.37,167.51,6656097,167.65,168.14,167.37,167.51,6656097,0.0,1.0
2021-11-05T00:00:00.000Z,169.84,169.94,167.85,168.42,9368948,169.84,169.94,167.85,168.42,9368948,0.0,1.0
2021-11-08T00:00:00.000Z,170.45,170.7,170.06,170.43,4966135,170.45,170.7,170.06,170.43,4966135,0.0,1.0
2021-11-09T00:00:00.000Z,171.29,171.31,170.12,170.73,5686157,171.29,171.31,170.12,170.73,5686157,0.0,1.0
2021-11-10T00:00:00.000Z,173.15,174.65,172.11,173.67,11461779,173.15,174.65,172.11,173.67,11461779,0.0,1.0
2021-11-11T00:00:00.000Z,174.12,174.27,173.74,173.98,5959640,174.12,174.27,173.74,173.98,5959640,0.0,1.0
2021-11-12T00:00:00.000Z,174.45,174.67,173.4,173.51,7638200,174.45,174.67,173.4,173.51,7638200,0.0,1.0
2021-11-15T00:00:00.000Z,174.18,174.59,173.69,174.1,5630808,174.18,174.59,173.69,174.1,5630808,0.0,1.0
2021-11-16T00:00:00.000Z,172.92,174.48,172.86,173.97,8667323,172.92,174.48,172.86,173.97,8667323,0.0,1.0
2021-11-17T00:00:00.000Z,174.5,174.605,173.89,174.24,6523061,174.5,174.605,173.89,174.24,6523061,0.0,1.0
2021-11-18T00:00:00.000Z,173.94,174.36,173.53,173.96,6253445,173.94,174.36,173.53,173.96,6253445,0.0,1.0
2021-11-19T00:00:00.000Z,172.61,174.1,172.235,173.69,8787253,172.61,174.1,172.235,173.69,8787253,0.0,1.0
2021-11-22T00:00:00.000Z,168.74,170.44,168.42,169.9,13100511,168.74,170.44,168.42,169.9,13100511,0.0,1.0
2021-11-23T00:00:00.000Z,167.28,167.6,166.53,167.28,8053370,167.28,167.6,166.53,167.28,8053370,0.0,1.0
2021-11-24T00:00:00.000Z,167.12,167.44,166.32,166.5825,5359457,167.12,167.44,166.32,166.5825,5359457,0.0,1.0
2021-11-26T00:00:00.000Z,166.85,168.64,166.37,168.6,9605192,166.85,168.64,166.37,168.6,9605192,0.0,1.0
2021-11-29T00:00:00.000Z,166.62,167.255,166.38,166.84,7394940,166.62,167.255,166.38,166.84,7394940,0.0,1.0
2021-11-30T00:00:00.000Z,165.5,169.01,165.37,167.77,12925270,165.5,169.01,165.37,167.77,12925270,0.0,1.0
2021-12-01T00:00:00.000Z,166.16,167.47,166.06,166.84,7825484,166.16,167.47,166.06,166.84,7825484,0.0,1.0
2021-12-02T00:00:00.000Z,165.24,165.9405,164.63,165.89,9604118,165.24,165.9405,164.63,165.89,9604118,0.0,1.0
2021-12-03T00:00:00.000Z,166.63,166.93,165.0,165.49,9507938,166.63,166.93,165.0,165.49,9507938,0.0,1.0
2021-12-06T00:00:00.000Z,166.22,166.8,165.93,166.14,4813624,166.22,166.8,165.93,166.14,4813624,0.0,1.0
2021-12-07T00:00:00.000Z,166.81,167.08,166.18,166.2,4900713,166.81,167.08,166.18,166.2,4900713,0.0,1.0
2021-12-08T00:00:00.000Z,166.9,166.96,166.28,166.51,4288935,166.9,166.96,166.28,166.51,4288935,0.0,1.0
2021-12-09T00:00:00.000Z,165.88,166.58,165.65,166.54,4913771,165.88,166.58,165.65,166.54,4913771,0.0,1.0
2021-12-10T00:00:00.000Z,166.58,166.915,166.18,166.72,6450614,166.58,166.915,166.18,166.72,6450614,0.0,1.0
2021-12-13T00:00:00.000Z,167.0,167.255,166.67,166.9,6610673,167.0,167.255,166.67,166.9,6610673,0.0,1.0
2021-12-14T00:00:00.000Z,165.44,166.14,165.16,165.34,8637879,165.44,166.14,165.16,165.34,8637879,0.0,1.0
2021-12-15T00:00:00.000Z,166.15,166.4,163.8,165.27,14231184,166.15,166.4,163.8,165.27,14231184,0.0,1.0
2021-12-16T00:00:00.000Z,168.16,168.18,166.94,167.01,11186197,168.16,168.18,166.94,167.01,11186197,0.0,1.0
2021-12-17T00:00:00.000Z,167.8,169.125,167.78,168.73,9867792,167.8,169.125,167.78,168.73,9867792,0.0,1.0
2021-12-20T00:00:00.000Z,167.09,168.0,167.06,167.88,6972959,167.09,168.0,167.06,167.88,6972959,0.0,1.0
2021-12-21T00:00:00.000Z,167.02,167.7754,166.74,167.69,4548504,167.02,167.7754,166.74,167.69,4548504,0.0,1.0
2021-12-22T00:00:00.000Z,168.59,168.64,167.11,167.58,4672941,168.59,168.64,167.11,167.58,4672941,0.0,1.0
2021-12-23T00:00:00.000Z,168.97,169.16,168.01,168.69,4551124,168.97,169.16,168.01,168.69,4551124,0.0,1.0
2021-12-27T00:00:00.000Z,169.37,169.42,168.78,168.96,4763297,169.37,169.42,168.78,168.96,4763297,0.0,1.0
2021-12-28T00:00:00.000Z,168.64,169.65,168.62,169.33,4545714,168.64,169.65,168.62,169.33,4545714,0.0,1.0
2021-12-29T00:00:00.000Z,168.59,168.69,167.28,167.36,5889714,168.59,168.69,167.28,167.36,5889714,0.0,1.0
2021-12-30T00:00:00.000Z,169.8,169.81,168.37,168.43,5426311,169.8,169.81,168.37,168.43,5426311,0.0,1.0
2021-12-31T00:00:00.000Z,170.96,171.04,170.04,170.53,6911001,170.96,171.04,170.04,170.53,6911001,0.0,1.0
